Model,SimBin,N,Mean_Loss,Median_Loss,Accuracy
GCN,Low (<0.3),203,0.4468761536643363,0.16166292448773653,0.8275862068965517
GCN,Medium (0.3-0.5),350,0.3846057877561788,0.11212354568258273,0.8485714285714285
GCN,High (>=0.5),472,0.24634539646514245,0.10880724049446601,0.9194915254237288
SAGE,Low (<0.3),203,0.5358173444044281,0.31581556608403966,0.7635467980295566
SAGE,Medium (0.3-0.5),350,0.40034792993731677,0.22373826955452336,0.8314285714285714
SAGE,High (>=0.5),472,0.2842062655312539,0.167296606802545,0.9088983050847458
GAT,Low (<0.3),203,0.5578722270423091,0.3359558957011534,0.729064039408867
GAT,Medium (0.3-0.5),350,0.4118309494803464,0.1389845786959774,0.8171428571428572
GAT,High (>=0.5),472,0.3055610961670236,0.12666521693812585,0.8771186440677966
