Model,Seed,rho,p_value,N
GCN,0,-0.009610803887333036,0.8912145695001388,205
GCN,1,0.035359701686552635,0.61472834354986,205
GCN,2,-0.1858531153496153,0.007629843979444328,205
GCN,3,0.09001038831194381,0.19932427020739432,205
GCN,4,0.03130060493555059,0.6559401839075438,205
SAGE,0,-0.125656481422304,0.07261416618009986,205
SAGE,1,-0.013791734502647583,0.8443992644219689,205
SAGE,2,-0.23217431103907002,0.0008087114310827125,205
SAGE,3,-0.030527460630895335,0.6639142535820869,205
SAGE,4,-0.17039954603231694,0.014576905573212609,205
GAT,0,-0.041947248879644725,0.5503847633494658,205
GAT,1,0.017499113728350665,0.8033327737033473,205
GAT,2,-0.1588036878158015,0.022949704888719835,205
GAT,3,-0.0778851003048858,0.26699336513165894,205
GAT,4,-0.06698218016581887,0.33995874765443934,205
