Seed,Model,Original_AUC,Reproduced_AUC,Delta
0,GCN,0.9167,0.917235883424408,0.0005358834244080235
0,GraphSAGE,0.9186,0.9166666666666666,-0.0019333333333333425
0,GAT,0.8938,0.8925318761384335,-0.0012681238615664947
1,GCN,0.9077,0.9087385482734319,0.0010385482734319718
1,GraphSAGE,0.8899,0.8898872445384072,-1.2755461592850459e-05
1,GAT,0.8941,0.8941155743481325,1.5574348132485483e-05
2,GCN,0.909,0.918127373648846,0.009127373648845971
2,GraphSAGE,0.9187,0.9175430908559743,-0.001156909144025664
2,GAT,0.9123,0.9125766871165644,0.00027668711656436695
3,GCN,0.6952,0.6500783699059561,-0.04512163009404391
3,GraphSAGE,0.5681,0.5674960815047022,-0.0006039184952978394
3,GAT,0.5271,0.527135579937304,3.557993730396447e-05
4,GCN,0.8963,0.8970588235294117,0.0007588235294117007
4,GraphSAGE,0.8968,0.8974358974358975,0.0006358974358974256
4,GAT,0.8972,0.8961789844142785,-0.0010210155857215408
