Seed,SMILES,Label,MaxSimilarity
0,OC[C@@H]1CC[C@@H](O1)n2cnc3C(=O)N=CNc23,0,0.4444444444444444
0,CC1(C)S[C@@H]2C(NC(=O)[C@H](NC(=O)C3=CNc4cccnc4C3=O)c5ccccc5)C(=O)N2[C@H]1C(O)=O,0,0.5301204819277109
0,C1=CC=C3C(=C1OC(C2=CC=CS2)CCNC)C=CC=C3,1,0.44
0,[C@@]4(O)(C3(C(C2C(C1(C(=CC(=O)CC1)C=C2)C)C(O)C3)CC4=C)C)C(=O)CO,1,0.5507246376811594
0,[C@H](O)(/C=C/C1=C(C3=C(OC12CCCC2)C=CC=C3)C4=CC=C(F)C=C4)C[C@H](O)CC(OCC)=O,1,0.3614457831325301
0,CC1=C2NC3=CC(=O)C=CC3=C2C=CN1,1,0.3023255813953488
0,OCCN1CCN(CC\C=C/2c3ccccc3COc4ccc(Cl)cc24)CC1,1,0.625
0,CCC(=O)O[C@H]1[C@@H](C)[C@@H](C)OC(=O)C(C)[C@@H](O[C@H]2C[C@H](OC)[C@@H](OC(=O)CC)[C@H](C)O2)[C@H](C)[C@@H](O[C@@H]3O[C@H](C)C[C@@H]([C@H]3O)N(C)C)C(C)C[C@@]4(CO4)C(=O)[C@@H]1C,0,0.4368932038834951
0,CO[C@H]1C[C@@H](O[C@@H](C)[C@@H]1OC(C)=O)O[C@H]2[C@H](C)[C@@H](O[C@@H]3O[C@H](C)C[C@@H]([C@H]3OC(C)=O)N(C)C)[C@@H](C)C[C@@]4(CO4)C(=O)[C@H](C)[C@@H](OC(C)=O)[C@@H](C)[C@@H](C)OC(=O)[C@@H]2C,0,0.36538461538461536
0,C1=C(Cl)C=CC3=C1N(C2=C(C=CC=C2)S3)CCCN5CCC(C4C(OCC4)=O)(O)CC5,1,0.5873015873015873
0,CO[C@H]1[C@@H](C[C@@H]2CN3CCc4c([nH]c5cc(OC)ccc45)[C@H]3C[C@@H]2[C@@H]1C(=O)OC)OC(=O)\C=C\c6cc(OC)c(OC)c(OC)c6,1,0.8048780487804879
0,C1=C(C(N)=O)N=N[N]1CC2=C(C=CC=C2F)F,1,0.25
0,C[C@]12CCC(=O)C=C1CC[C@H]3[C@@H]4CC[C@](O)(C(=O)CO)[C@@]4(C)CC(=O)[C@H]23,0,0.7407407407407407
0,[C@]34([C@H]([C@H]2[C@@H]([C@@]1(C(=CC(=O)CC1)CC2)C)C(C3)=O)CC[C@@]4(C(COC(C)=O)=O)O)C,1,0.703125
0,CCOC(=O)C1(CCN(C)CC1)c2ccccc2,1,0.6458333333333334
0,[H+].[Cl-].CCOC(=O)C1(CCN(C)CC1)c2ccccc2,1,0.62
0,[C@]2(C1=CC=CC=C1)([C@H](CN(C)CC2)CC)OC(CC)=O,1,0.34375
0,C1=C(C=CC=C1C2(CCN(C)CC2)C(CC)=O)O,1,0.32786885245901637
0,[C@]2(C1=CC(=CC=C1)O)([C@H](CN(C)CC2)C)CCC,1,0.29310344827586204
0,C1=CC=CC=C1C2(C(N(CC)C)=O)CCN(CCCCCC)CC2,1,0.4745762711864407
0,C2=C(C1(C(CN(C)CC1)C)OC(CC)=O)C=CC=C2,1,0.3333333333333333
0,C2=C(C1(C(OCC)=O)CCN(C)CC1)C=CC=C2O,1,0.5
0,C1=CC=CC2=C1C4(C3=C(OC2)C=CC=C3)OC(CN(C)C)CO4,1,0.3392857142857143
0,C(O)C(O)C1OC(=C(O)C1=O)O,1,0.21739130434782608
0,Cc1ccc(cc1)[S](=O)(=O)NC(=O)NN2CCCCCC2,0,0.5
0,OC(=O)C1=CN(C2CC2)c3cc(N4CCNCC4)c(F)cc3C1=O,0,0.6727272727272727
0,C[C@H]1CN(C[C@@H](C)N1)c2c(F)c(N)c3C(=O)C(=CN(C4CC4)c3c2F)C(O)=O,0,0.3888888888888889
0,CC1CN(CCN1)c2cc3N(C=C(C(O)=O)C(=O)c3c(C)c2F)C4CC4,0,0.4647887323943662
0,COc2cc1oc(=O)c(C)c(C)c1cc2OCCCN3CCN(CC3)c4ccccc4OC,1,0.48484848484848486
0,C1=C(C#N)C=CC3=C1C4=C(C2=C(C=CC=C2)S3)CCN(CC4)C,1,0.4318181818181818
0,C4=C(N3CCN(CCCCN1C(C2C(C(C1=O)C(=O)N(C2=O)CCCC)(C)C)=O)CC3)C(=CC=C4)OC,1,0.4838709677419355
0,[Cl].CCCCOc1ccc(cc1)C(=O)CCN2CCCCC2,0,0.423728813559322
0,CO\N=C(C(=O)N[C@H]1[C@H]2SCC(=C(N2C1=O)C(O)=O)CSc3sc(CC(O)=O)c(C)n3)/c4csc(N)n4,0,0.7209302325581395
0,C(C2C1C(NC(N1)=O)CS2)CCCC(O)=O,1,0.3142857142857143
0,C2=C(CN(C(=C(SC(=O)C1=CC=CO1)\CCOC(=O)COC(=O)C)/C)C=O)C(=NC(=N2)C)N,1,0.6578947368421053
0,Oc1ccc(cc1)/C=C([N+]#[C-])/C(=C/c2ccc(O)cc2)[N+]#[C-],0,0.28125
0,c1ccc2N([C@H](CN3CCCC3)C)c3c(ccc(C(=O)NCCC)c3)Sc2c1,1,0.4117647058823529
0,[C@H](N1C3=C(SC2=C1C=CC=C2)C=CC(=C3)C(=O)NCCC)(CN4CCCC4)C,1,0.4117647058823529
0,[C@H]2(NC(=O)C1=C(OC)C=C(NC)C(=C1)Cl)[C@H](N(CC2)CC3=CC=CC=C3)C,1,0.5294117647058824
0,CN1CCN(CC1)C2=Nc3ccccc3Cc4ccccc24,1,0.5
0,C1=CC=CC3=C1C(=NC2=C(C=CC(=C2)F)C3)N4CCN(C)CC4,1,0.43636363636363634
0,C1=C(O)C=CC3=C1C2(CC(CN(CC2)C)C3)C,1,0.46
0,C1=C(C(=C(C=C1C(\C=C\N2CC=CC2)=O)OC)OC)OC,1,0.43478260869565216
0,CN1CCN(CC1)CC(=O)N2c3ccccc3C(=O)Nc4cccnc24,1,0.3484848484848485
0,C[C@]1(O)CC[C@H]2[C@@H]3CC[C@H]4Cc5[nH]ncc5C[C@]4(C)[C@H]3CC[C@]12C,0,0.5
0,C2=C(CC(C(NCC(OCC1=CC=CC=C1)=O)=O)CSC(C)=O)C=CC=C2,1,0.3150684931506849
0,CC1(C)NC(C(=O)[NH+]1[C@H]2[C@H]3SC(C)(C)[C@@H](N3C2=O)C(O)=O)c4ccc(O)cc4,0,0.4838709677419355
0,CCN(CC)C(=O)C1CN2CCc3cc(OC)c(OC)cc3C2CC1OC(C)=O,1,0.4393939393939394
0,C1=C(C)C=CC2=C1C3N(CC2)CCC(C3)(CC)O,1,0.328125
0,[C@@]23([C@H]([C@H]1[C@H](OC(O1)(C)C)CO2)OC(O3)(C)C)CO[S](N)(=O)=O,1,0.2
0,C1CC1,1,0.18181818181818182
0,COC1(C(F)(F)C1(F)Cl)F,1,0.25
0,CCC(C)[C@H]1O[C@]2(CC[C@@H]1C)CC3C[C@@H](C\C=C(C)\[C@@H](O[C@H]4C[C@H](OC)[C@@H](OC5C[C@H](OC)[C@@H](O)[C@H](C)O5)[C@H](C)O4)[C@@H](C)/C=C/C=C/6CO[C@@H]7[C@H](O)C(=C[C@@H](C(=O)O3)[C@]67O)C)O2.CO[C@H]8CC(O[C@@H](C)[C@@H]8O)O[C@H]9[C@H](C)O[C@H](C[C@@H]9OC)O[C@H]/%10[C@@H](C)/C=C/C=C/%11CO[C@@H]%12[C@H](O)C(=C[C@@H](C(=O)OC%13C[C@@H](C\C=C%10C)O[C@@]%14(CC[C@H](C)[C@H](O%14)C(C)C)C%13)[C@]%11%12O)C,0,0.23026315789473684
0,c12c3c(C(NC(C)=O)CCc2cc(c(c1OC)OC)OC)cc(=O)c(cc3)OC,1,0.26666666666666666
0,COC1=CC=C2C(=CC1=O)[C@H](CCc3cc(OC)c(OC)c(OC)c23)NC(C)=O,0,0.26666666666666666
0,CC(Oc1ccccc1)C(=O)NC2C3SC(C)(C)C(N3C2=O)C(O)=O,0,0.6896551724137931
0,CCC(Oc1ccccc1)C(=O)NC2C3SC(C)(C)C(N3C2=O)C(O)=O,0,0.6557377049180327
0,C1=CC(=CC4=C1N2C(=NC(/C2=O)=C\N3CCN(C)CC3)CN=C4C5=C(C=CC=C5)Cl)[N+](=O)[O-],1,0.4714285714285714
0,Oc1ccc2C[C@@H]3[C@@H]4CCCC[C@]4(CCN3CC=C)c2c1,1,0.6862745098039216
0,CN1CC[C@]23CCCC[C@H]2[C@H]1Cc4ccc(O)cc34,1,1.0
0,C4=C3C(N(C1=CC=C2C(=N1)N=C(Cl)C=C2)C(=O)C3=CC=C4)CC(CCC(C)C)=O,1,0.5774647887323944
0,C1=CC(=CC2=C1C(=NO2)C4CCN(CCCOC3=C(C=C(C(C)=O)C=C3)OC)CC4)F,1,0.4588235294117647
0,CC1OC(CC(N)C1O)OC2C[C@@](O)(Cc3c(O)c4C(=O)c5cccc(O)c5C(=O)c4c(O)c23)C(C)=O,0,0.6590909090909091
0,CCOC(OCC)C(=O)OCC(=O)C1(O)CC(OC2CC(N)C(O)C(C)O2)c3c(O)c4C(=O)c5c(OC)cccc5C(=O)c4c(O)c3C1,0,0.6666666666666666
0,CC1OC(CC(N)C1O)OC2CC(O)(Cc3c(O)c4C(=O)c5ccccc5C(=O)c4c(O)c23)C(=O)CO,0,0.6511627906976745
0,C3=C(C1C(N(CCO1)CCOC(C(C2=CC=CC=C2)CC)=O)C)C=CC=C3,1,0.45098039215686275
0,CC1OC(O[C@H]2CC[C@]3(C)[C@H]4CC[C@]5(C)[C@H](CC[C@]5(O)[C@@H]4CCC3=C2)C6=COC(=O)C=C6)C(O)C(O)C1O,0,0.2716049382716049
0,C2=C(N1CCN(C)CC1)N=NC3=C2N(C4=C(O3)C=CC=C4)C,1,0.3684210526315789
0,[C@@]126C3=C4C[C@H]([C@@]1(CCC([C@@H]2OC3=C(C=C4)O)=C)O)N(CC5CC5)CC6,1,0.7966101694915254
0,CNCCCC1c2ccccc2C=Cc3ccccc13,1,0.37777777777777777
0,C1=CC=CC3=C1C(C2=C(C=CC=C2)C=C3)C(N)=O,1,0.5666666666666667
0,[C@]14([C@H]([C@H]3[C@](F)([C@@H](O)C1)[C@@]2(C(=CC(=O)C=C2)CC3)C)C[C@@H]6[C@]4(CC5=CC=CC=C5C6)C(=O)CO)C.O,1,0.6338028169014085
0,C4=C(N1C3(C(NC1)=O)CCN(CCCOC2=CC=C(C=C2)F)CC3)C=CC=C4,1,0.7142857142857143
0,CN(C)CCCN2c1ccccc1C(=Nc3cccnc23)c4ccccc4,1,0.41379310344827586
0,COC1CC(OC(C)C1O)O[C@H]2[C@H](C)[C@@H](OC3OC(C)CC(C3O)N(C)C)[C@@H](C)C[C@]4(CO4)C(=O)[C@H](C)[C@@H](O)[C@@H](C)[C@@H](C)OC(=O)[C@@H]2C,0,0.4489795918367347
0,CN(C)[C@H]1[C@@H]2C[C@H]3C(=C(O)c4c(O)cccc4[C@@]3(C)O)C(=O)[C@]2(O)C(=O)\C(=C(/O)NCN5CCCC5)C1=O,1,0.863013698630137
0,Nc1nc(N)c2nc(c3ccccc3)c(N)nc2n1,0,0.29545454545454547
0,C1=CC(=CC2=C1C(=C([NH]2)C)C4CCN(CCCC(C3=CC=C(F)C=C3)=O)CC4)OC,1,0.5245901639344263
0,S1[C@H]4N(CC1(C2CN3[C@H](S2)CC3=O)O)C(C4)=O,1,0.2222222222222222
0,C1=CC=CC=C1C(C2=CC=CC=C2)OCCN(C\C=C\C3=CC=CC=C3)C,1,0.5789473684210527
0,C1=C2C(=CC=C1)OC(CCCl)NC2=O,1,0.2711864406779661
0,Nc1ccc(N=Nc2ccccc2)c(N)n1,0,0.27906976744186046
0,C1=CC=CC=C1[P](C2=CC=CC=C2)(CC(NN)=O)=O,1,0.35135135135135137
0,C1=C(O)C=CC4=C1C35C(C(N(CCC2=CC=CC=C2)CC3)C4)CCCC5,1,0.7241379310344828
0,C1=C(Cl)C=CC\3=C1C=C(N2CCN(C)CC2)C4=C(C3=C/C#N)C=CC=C4,1,0.3770491803278688
0,[C@]235[C@H]([C@H](N(CC1CC1)CC2)CC4=C3C(=CC=C4)O)CCC(C5)=O,1,0.46153846153846156
0,O=C1Nc2ccccc2N1C3CCN(CCOc4ccccc4)CC3,1,0.5862068965517241
0,C1=C(C=CC=C1)C(C2=CC=CC=C2)(C3NCCCC3)O,1,0.5142857142857142
0,CC(C)N=C1C=C2N(c3ccc(Cl)cc3)c4ccccc4N=C2C=C1Nc5ccc(Cl)cc5,0,0.2077922077922078
0,O=C1Oc2ccccc2C=C1,0,0.35294117647058826
0,CC1=CC(=O)Oc2cc(O)ccc12,0,0.2558139534883721
0,[C@@H]24[C@@](C1=CC=CC=C1OC3=C(C=CC=C23)C)(CCN(C4)C)O,1,1.0
0,C1=C([N](C(=C1C=O)C)CCNC(C)=O)C,1,0.2982456140350877
0,CN(C)CCC(c1ccccc1)c2ccccn2,0,0.4594594594594595
0,CN(C)CCOC(C)(c1ccccc1)c2ccccn2,1,0.6097560975609756
0,CN(C)CCOC(C)(c1ccccc1)c2ccccn2.OC(=O)CCC(O)=O,1,0.5208333333333334
0,C[C@]1(Cn2ccnn2)[C@@H](N3[C@@H](CC3=O)[S]1(=O)=O)C(O)=O,0,0.35064935064935066
0,C2=C(C1=NOC(=N1)C)N=C3[N]2C4=C(C(=N3)OC)CCCC4,1,0.6153846153846154
0,C1=C(F)C=CC3=C1C=C(SCCNC)C2=CC=CC=C2O3,1,0.27692307692307694
0,Cc1c(O)cccc1C(=O)N[C@@H](CSc2ccccc2)[C@H](O)CN3C[C@H]4CCCC[C@H]4C[C@H]3C(=O)NC(C)(C)C,0,0.47
0,CCCCc1oc2ccccc2c1C(=O)c3cc(I)c(OCCN(CC)CC)c(I)c3,0,0.29411764705882354
0,COC(=O)C(C1CCCCN1)c2ccccc2,1,0.3225806451612903
0,CC(=O)OC(C1CCCCN1)c2ccccc2,1,0.3225806451612903
0,C1=CC=CC3=C1C(C2=C(C=CC=C2)S3)=C4CCN(C)CC4,1,0.5675675675675675
0,CN1C(=O)CC(=O)N(c2ccccc2)c3cc(Cl)ccc13,1,0.5106382978723404
0,Clc1ccc2NC(=O)CC(=O)N(c3ccccc3)c2c1,1,0.6363636363636364
0,C1=C(C(F)(F)F)C=CC3=C1N(C2=CC=CC=C2)C(CC(N3C)=O)=O,1,0.4230769230769231
0,COc1cccc2C(=O)c3c(O)c4CC(O)(CC(O)c4c(O)c3C(=O)c12)C(=O)CO,0,0.5714285714285714
0,C1=CC=CC2=C1C(C3=NCCCN23)(C4=CC=CC(=C4)Cl)O,1,0.3448275862068966
0,C1=C(OC)C=CC2=C1C4=C3[N]2CCN(C3=NCC4)C,1,0.2647058823529412
0,CO[C@]1(NC(=O)C(C(O)=O)c2ccc(O)cc2)[C@H]3OCC(=C(N3C1=O)C(O)=O)CSc4nnnn4C,0,0.5494505494505495
0,[Cl-].NC12CC3CC(CC(C3)C1)C2.[H+],1,0.21568627450980393
0,CC12CC3(CC(C1)(CC(C2)C3)N)C,1,0.2222222222222222
0,C1=CC=CC2=C1C3=C([NH]2)CCC(C3)N(C)C,1,0.3333333333333333
0,CN(C)C3CCc2[nH]c1c(F)cc(F)cc1c2C3,1,0.20588235294117646
0,CCC(=O)N(C1CCN(CC1)CCc2ccccc2)c3ccccc3,1,0.4838709677419355
0,[C@]3(N(C1=CC=CC=C1)C(=O)CC)(C(=O)OC)[C@H](CN(CCC2=CC=CC=C2)CC3)C,1,0.53125
0,C1=CC=CC=C1N(C3(CCN(CCC2=CC=CC=C2)CC3)C(OC)=O)C(CC)=O,1,0.7692307692307693
0,C3=C(N(C2CCN(CCC1=CC=CC=C1)CC2)C(COC)=O)C(=CC=C3)F,1,0.5
0,[C@@]23(F)[C@H]([C@H]1[C@@]([C@@]([C@H](C1)C)(O)C(=O)CCl)(CC2=O)C)CCC4=CC(=O)C=C[C@]34C,1,0.7580645161290323
0,[C@]4([C@@]3([C@H]([C@H]2[C@]([C@@]1(C(=CC(=O)C=C1)CC2)C)(F)C(C3)=O)C[C@@H]4C)C)(OC(CCC)=O)C(CCl)=O,1,0.6891891891891891
0,IC1=C(N([H])[H])C=CC(C2=NC3=CC=C(O[H])C=C3S2)=C1,1,0.2
0,C1=CC(=CC2=C1NC(=O)OC2(C)C)Br,1,0.3939393939393939
0,CC1(C)S[C@@H]2[C@H](NC(=O)[C@H](NC(=O)NC3=CN=C(NC3=O)Nc4ccc(cc4)[S](N)(=O)=O)c5ccc(O)cc5)C(=O)N2[C@H]1C(O)=O,0,0.41836734693877553
0,CC[C@@]1(O)C[C@H](OC2CC(C(OC3CC(O)C(OC4CCC(=O)C(C)O4)C(C)O3)C(C)O2)N(C)C)c5c(O)c6C(=O)c7c(O)cccc7C(=O)c6cc5[C@H]1C(=O)OC,0,0.5585585585585585
0,CN1C(=O)N(C)c2ncn(CCNCC(O)c3ccc(O)c(O)c3)c2C1=O,0,0.4074074074074074
0,[H+].C1=NC3=C([N]1CCNC(CC2=CC=CC=C2)C)C(=O)N(C(=O)N3C)C.[Cl-],1,0.352112676056338
0,C1=NC3=C([N]1CCNC(C(C2=CC=CC=C2)O)C)C(N(C)C(N3C)=O)=O,1,0.35294117647058826
0,CN1CCN=C(c2ccccc2)c3cc(Cl)ccc13,1,0.6086956521739131
0,C1=C(Cl)C=CC2=C1C(=NCCN2CC(F)(F)F)C3=CC=CC=C3F,1,0.6363636363636364
0,C1=C(Br)C=CC2=C1C(=NCC(N2C)COC)C3=CC=CC=C3Cl,1,0.36923076923076925
0,C1=C2C(=CC=C1)N(C(Cl)(CN=C2C3=CC=CC=C3Cl)CO)C,1,0.3728813559322034
0,C2=C(C(N1CCCCCCC1)=O)C=C(OC)C(=C2OC)OC,1,0.7222222222222222
0,C3=C(CCN1CCC(CC1)(C2=CC=CC=C2)C(OCC)=O)C=CC(=C3)N,1,0.6071428571428571
0,NC(=N)c1ccc(o1)c2ccccc2N(=O)=O,1,0.3148148148148148
0,C1=C(Cl)C=CC2=C1C3(N(CC(=O)N2C)C(C=C(O3)C)=O)C4=CC=CC=C4,1,0.38235294117647056
0,C1=NC(=NC(=C1CN(C(=C(\CCOC(C)=O)SC(C)=O)/C)C=O)N)C,1,0.6923076923076923
0,C1=C(CN(C(=C(SC(OCC)=O)/CCOC(OCC)=O)/C)C=O)C(=NC(=N1)C)N,1,0.6617647058823529
0,[H+].[Cl-].Clc1ccc2Sc3ccccc3N(CCCN4CCC5(CC4)NC(=O)CS5)c2c1,1,0.6
0,[C@@H]2(C3=C([C@H](C1=CC=C(C=C1)F)C2)C=CC(=C3)C(F)(F)F)N4CCN(CCO)CC4,1,0.49230769230769234
0,CC1(C)S[C@@H]2[C@H](NC(=O)COc3ccccc3)C(=O)N2[C@H]1C([O-])=O,0,0.5862068965517241
0,CC1(C)S[C@@H]2[C@H](NC(=O)C(C)(C)Oc3ccccc3)C(=O)N2[C@H]1C(O)=O,0,0.6065573770491803
0,FC(F)(F)c1c(Cl)nc(N2CCNCC2)cc1,1,0.3469387755102041
0,C1NCCN(C1)c1ccc(c(n1)Cl)C(F)(F)F,1,0.3469387755102041
0,S=[P](N1CC1)(N2CC2)N3CC3,1,0.1
0,C1=C(Cl)C=CC2=C1C3(N(CC(=O)N2CCO)CCO3)C4=CC=CC=C4F,1,0.39436619718309857
0,C1=C(Br)C=CC3=C1C2(N(CCO2)CC(=O)N3)C4=C(C=CC=C4)F,1,0.3787878787878788
0,C1=C(Cl)C=CC3=C1C2(N(C(C)CO2)CC(=O)N3)C4=CC=CC=C4Cl,1,0.5333333333333333
0,C1=C(Cl)C=CC3=C1C2(OCCN2CC(=O)N3)C4=C(Cl)C=CC=C4,1,0.543859649122807
0,CC1=C(N2[C@H](SC1)[C@H](NC(=O)[C@H](N)C3=CCC=CC3)C2=O)C(O)=O,0,0.6779661016949152
0,C[C@H]1O[C@@H](O[C@@H]\2C[C@@H]3O[C@](O)(C[C@@H](O)C[C@@H](O)[C@H](O)CC[C@@H](O)C[C@@H](O)CC(=O)O[C@@H](C)[C@H](C)[C@H](O)[C@@H](C)\C=C/C=C\C=C/C=C\C=C/C=C\C=C2)C[C@H](O)[C@H]3C(O)=O)[C@@H](O)[C@@H](N)[C@@H]1O,0,0.2462686567164179
0,COc1cccc2C(=O)c3c(O)c4C[C@](O)(C[C@H](O[C@H]5C[C@H](N)[C@H](O)[C@H](C)O5)c4c(O)c3C(=O)c12)C(=O)CO,0,0.7857142857142857
0,COc1cccc2C(=O)c3c(O)c4C[C@](O)(C[C@H](O[C@H]5C[C@H](N)[C@H](O)[C@H](C)O5)c4c(O)c3C(=O)c12)C(C)=O,0,0.7738095238095238
0,[Cl-].CC(=O)[C@@]1(N)C[C@H](O[C@H]2C[C@H](O)[C@H](O)CO2)c3c(O)c4C(=O)c5ccccc5C(=O)c4c(O)c3C1.[H+],0,0.4375
0,C[C@@H]1O[C@H](C[C@H](N)[C@@H]1O)O[C@H]2C[C@@](O)(Cc3c(O)c4C(=O)c5ccccc5C(=O)c4c(O)c23)C(C)=O,0,0.6588235294117647
0,COc1cccc2C(=O)c3c(O)c4C[C@](O)(C[C@H](O[C@H]5C[C@H](NC(=O)[C@@H](N)CC(C)C)[C@H](O)[C@H](C)O5)c4c(O)c3C(=O)c12)C(=O)CO,0,0.6464646464646465
0,C2=C(CN(C(=C(SC(=O)C1=CC=CC=C1)/CCO[P](=O)(O)O)/C)C=O)C(=NC(=N2)C)N,1,0.7910447761194029
0,[C@@]23(C([C@H](N(CC1(CC1)O)CC2)CC4=C3C=C(C=C4)O)(C)C)CC,1,0.7254901960784313
0,CC1=C(COC(=O)[C@@H]2N3[C@H](SC2(C)C)[C@H](NC(=O)[C@H](N)c4ccccc4)C3=O)OC(=O)O1,0,0.6052631578947368
0,COc1cccc2C(=O)c3c(O)c4C[C@@](O)(C[C@@H](OC5CC(N)CC(C)O5)c4c(O)c3C(=O)c12)C(=O)CO,0,0.7294117647058823
0,C1=CC=CC(=C1C2=NCC(N(C3=C2C(=N[N]3C)C)C)=O)F,1,0.5185185185185185
0,C1=CC=C(C2=C1CC3C(C2)CC(N[S](N(CC)CC)(=O)=O)CN3CCC)O,1,0.4583333333333333
0,CN1C2CCC1CC(C2)OC(=O)[C@H](CO)c3ccccc3,1,0.6808510638297872
0,CN1C2CCC1CC(C2)OC(=O)C(CO)c3ccccc3,0,0.6808510638297872
0,CN1C2CCC1CC(C2)OC(=O)C(O)c3ccccc3,0,0.5555555555555556
0,C1=CC=CC=C1C(C(OC2CC3N(C)C(C2)CC3)=O)(CO)C,1,0.4423076923076923
0,C1=CC=CC=C1C(C(OC2CC3N(C)C(C2)CC3)=O)CO,1,0.6808510638297872
0,CN(C)Cc1oc(cc1)CSCCNC=1NC=C(CN1)Cc1cnc(cc1)C,0,0.45
0,C(N1CCOCC1)CNC2=NNC(C=C2C)=C3C=CC(=O)C=C3,1,0.3064516129032258
0,[Ca++].NC1=NC(=O)C2=C(NCC(CNc3ccc(cc3)C(=O)N[C@@H](CCC([O-])=O)C([O-])=O)N2C=O)N1,1,0.38202247191011235
0,C1=CC(=CC=C1C(CCCN3CCN(C(OC2CCCCC2)=O)CC3)=O)F,1,0.6071428571428571
0,[C@H]4(CC3C2=C1C(=C[N](C1=CC=C2)C(C)C)CC3N(C4)C)C(NC5CCCCC5)=O,1,0.4583333333333333
0,CC(=O)OCC1=C(N2[C@H](SC1)[C@H](NC(=O)CCC[C@@H](N)C(O)=O)C2=O)C(O)=O,0,0.6461538461538462
0,[C@@]3(C1=CC=CS1)(N2CCCCC2)[C@H](CCCC3)C,1,0.35294117647058826
0,[C@]23(C1(C(C1)CC2)[C@H](O)C[C@@H]4[C@@H]3CC[C@]5([C@H]4CC[C@@H]5C(=O)C)C)C,1,0.5
0,OC(Cn1cncn1)(Cn2cncn2)c3ccc(F)cc3F,1,0.23214285714285715
0,[C@]34([C@H]([C@H]2[C@@H]([C@@]1(C(=CC(=O)C=C1)CC2)C)[C@H](C3)O)CC[C@@]4(C(CN5CCN(C)CC5)=O)O)C,1,0.6984126984126984
0,c1(nccc(c1)c1nc([nH]n1)N)N(C)C,0,0.6097560975609756
0,[C@@]45([C@@]3([C@H]([C@H]2[C@@H]([C@@]1(C(=CC(=O)CC1)[C@H](C2)F)C)[C@H](C3)O)C[C@H]4OC(O5)(C)C)C)C(CO)=O,1,0.6901408450704225
0,C1=CC=CC=C1NC(OCC3(COC(NC2=CC=CC=C2)=O)CCCC3)=O,1,0.3333333333333333
0,COc1ccc(Cl)cc1C(=O)NCCc2ccc(cc2)[S](=O)(=O)NC(=O)NC3CCCCC3,1,0.39759036144578314
0,[C@@]45([C@@]3([C@H]([C@H]2[C@@H]([C@@]1(C(=CC(=O)C=C1)CC2)C)[C@H](C3)O)C[C@H]4O[C@H](O5)C6CCCCC6)C)C(COC(C(C)C)=O)=O,1,0.5952380952380952
0,CN1C(=C(/O)Nc2ccccn2)/C(=O)c3ccccc3[S]1(=O)=O,0,0.66
0,[C@@]123C4=C(C[C@H]([C@@]1(CC[C@H](C2)O)O)N(CC3)C)C=CC(=C4OC)OC,1,0.45588235294117646
0,c12[C@]34[C@@]56[C@H]([N@@](CC7CC7)CC4)Cc2ccc(c1O[C@H]3[C@](OC)([C@H](C5)[C@](C(C)(C)C)(C)O)CC6)O,1,0.620253164556962
0,[C@]235[C@@]67[C@H](N(CC1CC1)CC2)CC4=C3C(=C(C=C4)O)O[C@H]5[C@](OC)([C@H](C6)C(C)(C)O)CC7,1,0.68
0,C1=CC=CC2=C1N(C3=C(S2)C=CC=N3)CCCN(C)C,1,0.717948717948718
0,C1=CC=CC=C1CN2C(CC(C2)CN)=O,1,0.29545454545454547
0,CN1CCC[C@H]1c2cccnc2,1,0.55
0,FC(F)(F)c1ccc2Sc3ccccc3N(CCCN4CCN(CC4)C5CC5)c2c1,1,0.7692307692307693
0,[C@H]12C5CC4=C3[C@]1([C@H](C(C[C@@H]2CC)=O)OC3=C(C=C4)OC)CCN5CC6CC6,1,0.5507246376811594
0,OC1CCC2(O)C3Cc5ccc(O)c6OC1C2(CCN3CC4CCC4)c56,1,0.6949152542372882
0,C[C@H]1O[C@H](C[C@H](O)[C@@H]1O)O[C@H]2[C@@H](O)C[C@@H](O[C@@H]2C)O[C@H]3[C@@H](O)C[C@@H](O[C@@H]3C)O[C@H]4CC[C@@]5(C)[C@H](CC[C@@H]6[C@@H]5CC[C@]7(C)[C@@H](CC[C@]67O)C8=CC(=O)OC8)C4,0,0.8133333333333334
0,C4=C(C(C2C(C1=CC=NC=C1)C2)(C3=CC=CC=C3)O)C=CC=C4,1,0.38461538461538464
0,[O+]1=N[N](C=C1[N-]C(NC2=CC=CC=C2)=O)C(CC3=CC=CC=C3)C,1,0.32653061224489793
0,OC12c3c(Oc4c(C)cccc4C2CN(CC1)C)cccc3,1,1.0
0,OC12c3c(Oc4c(C)cccc4C2CNCC1)cccc3,1,1.0
0,CC1=CN([C@H]2C[C@H](F)[C@@H](CO)O2)C(=O)NC1=O,1,0.5625
0,OC[C@H]1O[C@H](C[C@@H]1O)N2C=C(F)C(=O)NC2=O,0,0.4067796610169492
0,CC1=CN([C@H]2C[C@H](N=[N+]=[N-])[C@@H](CO)O2)C(=O)NC1=O,0,0.4727272727272727
0,CC[N+](C)(C)Cc1ccccc1Br.Cc2ccc(cc2)[S]([O-])(=O)=O,0,0.2727272727272727
0,C1CN2CCC1C(C2)CN3c4ccccc4Sc5ccccc35,0,0.5333333333333333
0,C1=CC=CC2=C1SC5=C(N2CC3C4CCN(C3)CC4)C=CC=C5,1,0.5333333333333333
0,CCC(=O)OC1CC(=O)OC(C)C\C=C\C=C/C(O)C(C)CC(CC=O)C(O[C@@H]2O[C@H](C)[C@@H](O[C@H]3C[C@@](C)(O)[C@H](OC(=O)CC)[C@@H](C)O3)[C@@H]([C@H]2O)N(C)C)C1OC,0,0.8585858585858586
0,C[C@@H]1[C@H](O)CC[C@@]2(C)[C@H]1CC[C@@]3(C)[C@H]2[C@H](O)C[C@H]4\C([C@H](C[C@]34C)OC(C)=O)=C(/CCC=C(C)C)C(O)=O,0,0.25742574257425743
1,C1=CC(=CC=C1C(CCCN2CC3N(CC2)CCC3)=O)F,1,0.6170212765957447
1,C1=CC=CC3=C1C(N(C2C(NC(=O)CC2)=O)C3=O)=O,1,0.5128205128205128
1,C3=C(N2C(C(C1=CC=CC=C1)CC2=O)=O)C(=CC(=C3)[S](N)(=O)=O)Cl,1,0.4166666666666667
1,C1=C(C(=C(C=C1)Cl)NC2=NCCO2)Cl,1,0.47368421052631576
1,C1(=NC(NC1(C(F)(F)F)C(F)(F)F)(C(F)(F)F)C(F)(F)F)N,1,0.16216216216216217
1,[C@@H]2(C3=C([C@H](C1=CC=C(C=C1)F)C2)C=CC(=C3)C(F)(F)F)N4CCN(CCO)CC4,1,0.49230769230769234
1,[C@@H]23[C@@H](CC[C@@H]1C[C@H](CC(O1)=O)O)[C@H](C=CC2=CCC[C@@H]3OC([C@H](CC)C)=O)C,1,0.2231404958677686
1,[C@H]12[C@@H](OC(C(CC)(C)C)=O)C[C@@H](C)C=C1C=C[C@@H]([C@@H]2CC[C@@H]3C[C@H](CC(O3)=O)O)C,1,0.226890756302521
1,CO[C@@H]([C@@H]1Cc2cc3cc(O[C@H]4C[C@@H](O[C@H]5C[C@@H](O)[C@H](O)[C@@H](C)O5)[C@H](O)[C@@H](C)O4)c(C)c(O)c3c(O)c2C(=O)[C@H]1O[C@H]6C[C@@H](O[C@H]7C[C@@H](O[C@H]8C[C@](C)(O)[C@H](O)[C@@H](C)O8)[C@H](O)[C@@H](C)O7)[C@H](O)[C@@H](C)O6)C(=O)[C@@H](O)[C@@H](C)O,1,0.24166666666666667
1,CN(C)C1C2C(O)C3C(=C)c4c(Cl)ccc(O)c4C(=C3C(=O)C2(O)C(=O)\C(=C(N)/O)C1=O)O,0,0.75
1,[C@H]23OC1=C(OC(=O)C)C=CC6=C1C25C4(C[C@@H](C3(OC)C=C4)[C@](O)(CCC)C)C(N(CC5)C)C6,1,0.7866666666666666
1,FC(F)(F)c1c(Cl)nc(N2CCNCC2)cc1,1,0.3469387755102041
1,C1NCCN(C1)c1ccc(c(n1)Cl)C(F)(F)F,1,0.3469387755102041
1,[C@@]125C3=C4C[C@H]([C@@]1(CC[C@@H]([C@@H]2OC3=C(C=C4)O)O)O)N(C)CC5,1,0.6949152542372882
1,C3=C(C1=NCCN=C2N(NC(=C12)C)C)C=CC=C3Cl,1,0.36363636363636365
1,C1=CC=CC2=C1C(C(N2C3=CC=CC=C3)=O)(CC4=CC=NC=C4)CC5=CC=NC=C5,1,0.43137254901960786
1,CCC(C(=O)NC\C=C\C=C(/C)C(OC)C(C)C1OC(\C=C\C=C\C=C(/C)C(=O)C2=C(O)N(C)C=CC2=O)C(O)C1O)C3(O)OC(\C=C\C=C\C)C(C)(C)C(OC4OC(C)C(OC5OC(C)C(OC)C(O)C5OC)C(OC)C4O)C3O,0,0.20930232558139536
1,C1=CC=CC4=C1N(C2C3CCN(C2)CC3)C5=C(CC4)C=CC=C5,1,0.391304347826087
1,[C@@]135C67[C@@H](N(CC1)CC2CC2)CC4=CC=C(O)C(=C34)O[C@@H]5C(OC)(C(C6)C(O)(C)C)C=C7,1,0.6962025316455697
1,COCOC(=O)[C@@H]1N2[C@H](SC1(C)C)[C@H](N3C(=O)C(NC3(C)C)c4ccccc4)C2=O,0,0.8448275862068966
1,[C@H]34C1[C@@H](C2(C(C(=O)CC1)C(=O)C=C2)C)C(O)CC3([C@](O)(CC4)C(OC)=O)C,1,0.4925373134328358
1,C1=C(C(F)(F)F)C=CC3=C1N(C2=C(C=CC=C2)S3)CCCN5CCC(C(C4=CC=C(F)C=C4)=O)CC5,1,0.6451612903225806
1,NC(=O)c1ncn(n1)[C@@H]2O[C@H](CO)[C@@H](O)[C@H]2O,0,0.44
1,C1=CC=NC=C1C(N2CCOCC2)=O,1,0.4722222222222222
1,N1(Cc2cc(OCCCNc3nccs3)ccc2)CCCCC1,1,0.5806451612903226
1,C1CN(CCC1)Cc1cccc(c1)OCCCNc1nccs1,1,0.5806451612903226
1,CC13CCCCCC(Cc2ccc(O)cc12)C3N,1,0.46
1,Cc1c(O)cccc1C(=O)N[C@@H](CSc2ccccc2)[C@H](O)CN3C[C@H]4CCCC[C@H]4C[C@H]3C(=O)NC(C)(C)C,0,0.47
1,C2=C(N1N=C(C)CC1=O)C=CC=C2,1,0.37777777777777777
1,[C@H](C1=CC=CC=C1)([C@@H]2CNCCO2)OC3=CC=CC=C3OCC,1,0.3333333333333333
1,C1=C3C(=CC=C1\C=C\C(N2CCCCC2)=O)OCO3,1,0.4791666666666667
1,C3=C(CN2CCN(C1=C(OC(C)C)C=CC=C1)CC2)C=CC=C3C(=O)N4CCCCC4.C(C(=O)O)CC(=O)O,1,0.34285714285714286
1,C[C@H]1C[C@H]2[C@@H]3CC[C@](O)(C(=O)CO)[C@@]3(C)C[C@H](O)[C@@H]2[C@@]4(C)C=CC(=O)C=C14,0,0.5970149253731343
1,C[C@]12C[C@H](O)[C@H]3[C@@H](CCC4=CC(=O)C=C[C@]34C)[C@@H]1CC[C@]2(O)C(=O)CO,0,0.8
1,[C@@]4([C@@]3([C@H]([C@H]2[C@@H]([C@@]1(C(=CC(=O)C=C1)C[C@H]2Cl)C)[C@H](C3)O)C[C@H]4C)C)(C(COC(CC)=O)=O)OC(CC)=O,1,0.5875
1,[C@@]4([C@@]3([C@H]([C@H]2[C@@H]([C@@]1(C(=CC(=O)C=C1)[C@H](C2)C)C)[C@H](C3)O)CC4)C)(C(COC(C)=O)=O)OC(CC)=O,1,0.6455696202531646
1,[C@]34([C@H]([C@H]2[C@@H]([C@@]1(C(=CC(=O)C=C1)[C@H](C2)F)C)[C@H](C3)O)C[C@H]([C@@]4(C(COC(C)=O)=O)O)C)C,1,0.684931506849315
1,[C@@]4([C@@]3([C@H]([C@H]2[C@@H]([C@@]1(C(=CC(=O)C=C1)CC2)C)[C@H](C3)O)CC4)C)(C(COC(CC)=O)=O)OC(OCC)=O,1,0.75
1,[C@H]34[C@H]2[C@@H]([C@@]1(C(=CC(=O)C=C1)CC2)C)[C@@H](O)C[C@@]3([C@](C(COC(COC(CCCCCCCCCCCCCCCCC)=O)=O)=O)(O)CC4)C,1,0.7432432432432432
1,[C@]34([C@H]([C@H]2[C@@H]([C@@]1(C(=CC(=O)C=C1)CC2)C)[C@H](C3)O)CC[C@@]4(C(COC(CC(C)(C)C)=O)=O)O)C,1,0.7714285714285715
1,[C@H]12[C@@]([C@](C(CC)=O)(C)[C@@H](C1)C)(C[C@H](O)[C@H]3[C@H]2CCC4=CC(=O)C=C[C@]34C)C,1,0.5942028985507246
1,[C@H]24[C@H]1[C@@]([C@](O)([C@@H](C1)C)C(=O)CO)(C[C@H](O)[C@@H]2[C@@]3(C(=CC(=O)C=C3)C[C@H]4Cl)C)C,1,0.5352112676056338
1,[C@H]24[C@H]1[C@@]([C@@H](C(C(OCCCC)=O)=O)[C@@H](C1)C)(C[C@@H]([C@@H]2[C@@]3(C(=CC(=O)C=C3)[C@H](C4)F)C)O)C,1,1.0
1,[C@H]24[C@H]1[C@@]([C@@H](C(CO)=O)[C@@H](C1)C)(C[C@@H]([C@@H]2[C@@]3(C(=CC(=O)C=C3)[C@H](C4)F)C)O)C,1,0.7164179104477612
1,[C@H]24[C@H]1[C@@]([C@](C(CO)=O)(O)CC1)(C[C@@H]([C@@H]2[C@@]3(C(=CC(=O)C=C3)[C@H](C4)F)C)O)C,1,0.6857142857142857
1,[C@H]24[C@H]1[C@@]([C@](C(CO)=O)(O)CC1)(C[C@@H]([C@@H]2[C@@]3(C(=CC(=O)C=C3)[C@H](C4)C)C)O)C,1,0.5970149253731343
1,[C@H]24[C@H]1[C@@]([C@](C(COC(C)=O)=O)(O)CC1)(C[C@@H]([C@@H]2[C@@]3(C(=CC(=O)C=C3)[C@H](C4)C)C)O)C,1,0.589041095890411
1,[C@H]24[C@H]1[C@@]([C@](C(COC(CCC(O)=O)=O)=O)(O)CC1)(C[C@@H]([C@@H]2[C@@]3(C(=CC(=O)C=C3)[C@H](C4)C)C)O)C,1,0.5897435897435898
1,[C@]12(C(=CC(C=C1)=O)[C@H](C[C@H]3[C@H]4[C@](C[C@@H]([C@H]23)O)([C@](C(=O)CO)(O)[C@@H](C4)C)C)F)C,1,0.6521739130434783
1,[C@]34([C@H]([C@H]2[C@@H]([C@@]1(C(=CC(=O)C=C1)CC2)C)[C@H](C3)O)CC[C@@]4(C(COC(C)=O)=O)O)C,1,0.7761194029850746
1,[C@]14([C@@](C(=O)COC(CCC(=O)[O-])=O)(CC[C@H]1[C@@H]3CCC2=CC(C=C[C@@]2([C@H]3[C@H](C4)O)C)=O)O)C.[Na+],1,0.75
1,C1=CC=CC2=C1C(N(CC[S](NC(C)C)(=O)=O)C2=O)=O,1,0.3333333333333333
1,C1=NC(=NC=C1)N5CCN(CCNC(C23CC4CC(C2)CC(C3)C4)=O)CC5,1,0.41818181818181815
1,C1=C2C(=CC=C1\C=C\C(C(C)(C)C)O)OCO2,1,0.25
1,[C@H]3(CCCC1=C2C(=NC=C1)C=CC(=C2)OC)[C@@H](CNCC3)C=C,1,0.40789473684210525
1,C1=C(OC)C=CC2=NC=CC(=C12)CCCC3C(CNCC3)C=C,1,0.40789473684210525
1,N1(Cc2cccc(OCCCNc3ccccn3)c2)CCCCC1,1,0.6271186440677966
1,C1CN(CCC1)Cc1cccc(c1)OCCCNc1ncccc1,1,0.6271186440677966
1,C1=C2C(=CC=C1)OC(CCCl)NC2=O,1,0.2711864406779661
1,CO[C@H]1/C=C/O[C@@]2(C)Oc3c(C)c(O)c4c(O)c(NC(=O)C(=C\C=C\[C@H](C)[C@H](O)[C@@H](C)[C@@H](O)[C@@H](C)[C@H](OC(C)=O)[C@@H]1C)/C)c5n6ccc(C)cc6nc5c4c3C2=O,0,0.7040816326530612
1,C1=CC(=CC=C1C(CCCN3CCN(C(OC2CCCCC2)=O)CC3)=O)F,1,0.6071428571428571
1,C1=CC=CC=C1C(CN2CCCC2)OCCC(C)C,1,0.3392857142857143
1,C1=CC=CC=C1CC(N2CCCC2)CCC,1,0.4
1,C1=C(Cl)C=CC2=C1C(=NCC(=N2)NOCC=C)C3=CC=CC=C3Cl,1,0.3787878787878788
1,CO/N=C(C(=O)N[C@H]1[C@H]2SCC(=C(N2C1=O)C(O)=O)CSC(=O)c3occc3)/c4csc(N)n4,0,0.6593406593406593
1,OC[C@@H]1CC[C@@H](O1)n2cnc3C(=O)N=CNc23,0,0.4444444444444444
1,[C@H]37[C@H]2[C@@]([C@](C(COC(C1=CC(=CC=C1)[S](O)(=O)=O)=O)=O)(O)[C@@H](C2)C)(C[C@@H]([C@@H]3[C@@]4(C(=CC5=C(C4)C=N[N]5C6=CC=CC=C6)C(=C7)C)C)O)C,1,0.7777777777777778
1,[C@@H]3(N(C1CCC1)C2CCC2)CC4=C(OC3)C(=CC=C4C(=O)N)F,1,0.24489795918367346
1,CN1C(=C(/O)Nc2sc(C)cn2)/C(=O)c3ccccc3[S]1(=O)=O,0,0.6153846153846154
1,C2=C(C1=C(C=CC1)C=C2)OCC3CNCCO3,1,0.5
1,O=C2\C(=C1\OC=NN1)C=CC=C2,1,0.15789473684210525
1,CO/N=C(C(=O)N[C@H]1[C@H]2SCC(=C(N2C1=O)C(O)=O)Cn3nnc(C)n3)/c4csc(N)n4,0,0.72
1,CN1C(=O)CC(=O)N(c2ccccc2)c3cc(Cl)ccc13,1,0.5106382978723404
1,Clc1ccc2NC(=O)CC(=O)N(c3ccccc3)c2c1,1,0.6363636363636364
1,C1=C(C(F)(F)F)C=CC3=C1N(C2=CC=CC=C2)C(CC(N3C)=O)=O,1,0.4230769230769231
1,OC(=O)C1=C\C(C=CC1=O)=N/Nc2ccc(cc2)[S](=O)(=O)Nc3ccccn3,0,0.3050847457627119
1,CC(C)(C)c1ccc(cc1)C(O)CCCN2CCC(CC2)C(O)(c3ccccc3)c4ccccc4,0,0.38
1,CC(C)(C(O)=O)c1ccc(cc1)C(O)CCCN2CCC(CC2)C(O)(c3ccccc3)c4ccccc4,0,0.35185185185185186
1,C(O)C(=O)C4(O)C3(C(C2C(C1(C(=CC(=O)CC1)CC2)C)CC3)CC4)C,1,0.7407407407407407
1,[C@@]4(OC(=O)CCCC)(C3(C(C2C(C1(C(=CC(=O)CC1)CC2)C)C(O)C3)CC4)C)C(=O)CO,1,0.9193548387096774
1,CCC(=O)C1(O)CCC2C3CCC4=CC(=O)CCC4(C)C3C(O)CC21C,1,0.8518518518518519
1,[C@H]15C3=C(CCC2=C1C=CC=C2)C=CC=C3[C@H]4C[C@](C(C)C)(O)CCN4C5,1,0.6727272727272727
1,NC(N)=NC(=O)c1nc(Cl)c(N)nc1N,1,0.18604651162790697
1,NC(=O)c1cnccn1,1,0.43333333333333335
1,CN(C)c1cnccn1,1,0.3
1,[C@@H](O)(/C=C/C1=C(C2=C([N]1C(C)C)C=CC=C2)C3=CC=C(F)C=C3)C[C@H](O)CC(=O)O,1,0.3614457831325301
1,C2=C(C1=C(C=CC=C1)[N]2N(CCN(C)C)C)C3=CC=CC=C3,1,0.32075471698113206
1,C3=C(C(NC1C2CCN(C1)CC2)=O)C(=CC(=C3Cl)N)OCC4CC4,1,0.4430379746835443
1,COC1C(O)CC(=O)OC(C)C\C=C\C=C\C(OC2CCC(C(C)O2)N(C)C)C(C)CC(CC=O)C1OC3OC(C)C(OC4CC(C)(O)C(O)C(C)O4)C(C3O)N(C)C,0,0.6330275229357798
1,C1=CC=CC2=C1C3=C(C(=O)N2CCCN(C)C)C=CC=C3,1,0.5333333333333333
1,CC1(C)S[C@@H]2[C@H](NC(=O)[C@H](NC(=O)C(C)(C)Oc3ccc(Cl)cc3)c4ccccc4)C(=O)N2[C@H]1C(O)=O,0,0.6875
1,C3=C(N2CCN(CCCC(C1=CC=C(F)C=C1)O)CC2)C(=CC=C3)OC,1,0.49206349206349204
1,OC1OC(COCCOC(O)C(Cl)(Cl)Cl)C(OC2OC(COCCOCCOC(O)C(Cl)(Cl)Cl)CC(OC(O)C(Cl)(Cl)Cl)C2O)C(OCCOCCOC(O)C(Cl)(Cl)Cl)C1O,1,0.24050632911392406
1,[C@@H]3(C1=C(C=C2C(=C1OC)OCO2)CCN3C)[C@@H]5C4=C(C(=C(OC)C=C4)OC)C(O5)=O,1,0.325
1,[C@]3(C1=CC=CC=C1)(C(C2=C(C=CC=C2)CC3)=O)CCN(C)C,1,0.40425531914893614
1,C[C@@H]1CC2=C(CCC(=O)C2)[C@H]3CC[C@@]4(C)[C@@H](CC[C@@]4(O)C#C)[C@H]13,1,0.42857142857142855
1,CN1CCN(CC1)c2cc3N(C=C(C(O)=O)C(=O)c3cc2F)c4ccc(F)cc4,0,0.6607142857142857
1,C1=CC=CC2=C1C(N(C2=O)C3=NC4=C(C=C3)C=CC(=N4)Cl)CC(=O)N6CCC5(OCCO5)CC6,1,0.42168674698795183
1,COc1cccc2C(=O)c3c(O)c4CC(O)(CC(O)c4c(O)c3C(=O)c12)C(=O)CO,0,0.6575342465753424
1,c1ccc2Oc3c(cc(cc3)Cl)[C@@H]3[C@@H](c2c1)C[N@](CC3)C,1,0.825
1,c1ccc2Oc3c(cc(cc3)Cl)[C@@H]3[C@@H](c2c1)CNCC3,1,0.8157894736842105
1,CO/N=C(C(=O)N[C@H]1[C@H]2SCC(=C(N2C1=O)C(O)=O)CSc3snnc3)/c4csc(N)n4,0,0.7209302325581395
1,[C@H]13[C@H](C[C@@H]1C2=CC=C(F)C=C2)CN(C3)CCN4C(=O)C5=C(NC4=O)C=CC=C5,1,0.38571428571428573
1,C1=C(Cl)C=CC4=C1N(CCCN3CCC(N2CCCCC2)(CC3)C(N)=O)C5=C(CC4)C=CC=C5,1,0.6
1,C1=CC=CC4=C1N(CCCN3CCC(N2CCCCC2)(CC3)C(N)=O)C5=C(CC4)C=CC=C5,1,0.5344827586206896
1,C1=C(C(F)(F)F)C=CC=C1C2=CCN(CC2)CCC4=CC3=CC=CC=C3C=C4,1,0.33962264150943394
1,C2=C(C(OC1=CC=C(C=C1)C(F)(F)F)CCNC)C=CC=C2,1,0.35714285714285715
1,C1=CC=CC=C1C(OC2=CC=CC=C2OC)CCNC,1,0.44
1,NCCC(Oc1ccc(cc1)C(F)(F)F)c2ccccc2,1,0.2727272727272727
1,[C@H](OC1=C(C=CC=C1)C)(C2=CC=CC=C2)CCNC,1,0.45454545454545453
1,COC1CC(OC(C)C1O)O[C@H]2[C@H](C)[C@@H](OC3OC(C)CC(C3O)N(C)C)[C@@H](C)C[C@]4(CO4)C(=O)[C@H](C)[C@@H](O)[C@@H](C)[C@@H](C)OC(=O)[C@@H]2C,0,0.7654320987654321
1,C1=C(C=CC=C1)C(C2=CC=CC=C2)(C3NCCCC3)O,1,0.5142857142857142
1,C3=C2C([NH2+]CCCCCCC(O)=O)C1=CC=CC=C1CCC2=CC=C3.[Cl-],1,0.3333333333333333
1,C1=CC=CC3=C1C(C2=C(C=CC=C2)CC3)C(N)=O,1,0.5666666666666667
1,CN(C)C(=O)COC2c1ccccc1CCc3ccccc23,1,0.4
1,C1=CC=CC3=C1C(C2=CC=CC=C2CC3)CC(CN(C)C)C,1,0.3404255319148936
1,CC1(C)SC2C(N([C@H](C(=O)NC(=O)CN)c3ccccc3)C(=N)c4ccncc4)C(=O)N2C1C(O)=O,0,0.4594594594594595
1,[N]14C3=C(C2=C1C=CC(=C2)C)CCCC3NCC4.[H+].[Cl-],1,0.26153846153846155
1,O=C1Nc2ccccc2N1C3CCN(CCOc4ccccc4)CC3,1,0.5862068965517241
1,COc1cc(Cc2cnc(N)nc2N)cc(OC)c1OC,1,0.425
1,[C@@]12(C3=C(NC(CN1C[C@H](O2)C)=O)C=CC(=C3)Cl)C4=CC=CC=C4,1,0.543859649122807
1,C1CCN(CC1)Cc1cccc(c1)OCCCNC(=O)C,1,0.5409836065573771
1,C1CCN(CC1)Cc1cc(OCCCO)ccc1,1,0.5357142857142857
1,C1CN(CCC1)Cc1cccc(c1)OCCCNC(=O)C,1,0.5409836065573771
1,C1CN(CCC1)Cc1cccc(c1)OCCCO,1,0.5357142857142857
1,C1=C(F)C=CC3=C1C=C(SCCNC)C2=CC=CC=C2O3,1,0.27692307692307694
1,C2=C(CC1=CN=C[NH]1)C(=C(C=C2)C)C,1,0.2553191489361702
1,[Br-].CN(C)C(=O)Oc1ccc[n+](C)c1,1,0.32
1,C1=CC=CC2=C1C(C3=NCCCN23)(C4=CC=CC(=C4)Cl)O,1,0.3448275862068966
1,[C@H]2(C1=CC(=C(OC)C=C1CCN(C2)C)OC)C3=CC=CC=C3,1,0.3793103448275862
1,C1=CC=CC(=C1N2C(=NC3=C(C2=O)C=CC=C3)\C=C\C4=NC=CC=C4)C,1,0.5869565217391305
1,CC14C5(C(CC1C3C(C2(C(=CC(=O)CC2)CC3)C)CC4)OC(O5)(C)C)C(C)=O,1,0.6166666666666667
1,C1=CN=CC=C1C(NNCCC(NCC2=CC=CC=C2)=O)=O,1,0.4883720930232558
1,C2=C(C1C(NCCN1)=O)SC=C2,1,0.2549019607843137
1,CC(C)[C@H](NC(=O)N(C)Cc1csc(n1)C(C)C)C(=O)N[C@H](C[C@H](O)[C@H](Cc2ccccc2)NC(=O)OCc3scnc3)Cc4ccccc4,0,0.22641509433962265
1,C1CCCCC1,1,1.0
1,NCC1(CCCCC1)CC(O)=O,1,0.2926829268292683
1,ClCCN(N=O)C(=O)NC1CCCCC1,1,0.5277777777777778
1,NC(=O)OC1(CCCCC1)C#C,1,0.275
1,NC(=O)OC1(CCCCC1)CC#C,1,0.2857142857142857
1,C(C1CCCCC1)NN,1,0.22727272727272727
1,CC(C(C1CCCCC1)O)C,1,0.2727272727272727
1,C(C1CCCCC1)CC(OCCN(C)C)=O,1,0.3617021276595745
1,C(C(C1CCCCC1)OC(N)=O)C,1,0.3333333333333333
1,CCOC(=O)C1(CCN(C)CC1)c2ccccc2,1,0.6458333333333334
1,[H+].[Cl-].CCOC(=O)C1(CCN(C)CC1)c2ccccc2,1,0.62
1,[C@]2(C1=CC=CC=C1)([C@H](CN(C)CC2)CC)OC(CC)=O,1,0.34375
1,C1=C(C=CC=C1C2(CCN(C)CC2)C(CC)=O)O,1,0.35185185185185186
1,[C@]2(C1=CC(=CC=C1)O)([C@H](CN(C)CC2)C)CCC,1,0.35714285714285715
1,C1=CC=CC=C1C2(C(N(CC)C)=O)CCN(CCCCCC)CC2,1,0.4745762711864407
1,C2=C(C1(C(CN(C)CC1)C)OC(CC)=O)C=CC=C2,1,0.3787878787878788
1,C2=C(C1(C(OCC)=O)CCN(C)CC1)C=CC=C2O,1,0.5
1,[H+].C2=C(C1(C(N(C)C)C=CCC1)C(OCC)=O)C=CC=C2.[Cl-],1,0.38181818181818183
1,OC1=C(C2CCC(CC2)c3ccc(Cl)cc3)C(=O)C(=O)c4ccccc14,0,0.265625
1,C4=C3C(N(C1=CC=C2C(=N1)N=C(Cl)C=C2)C(=O)C3=CC=C4)CC(CCC(C)C)=O,1,0.38271604938271603
1,C1=CC(=CC=C1C23C(C(=O)NC2=O)C3)Cl,1,0.26666666666666666
1,CC(=O)O[C@@]12CO[C@@H]1C[C@H](O)[C@]3(C)[C@@H]2[C@H](OC(=O)c4ccccc4)[C@]5(O)C[C@H](OC(=O)[C@H](O)[C@@H](NC(=O)OC(C)(C)C)c6ccccc6)C(=C([C@@H](O)C3=O)C5(C)C)C,0,0.7676767676767676
1,CC1(C)S[C@@H]2[C@H](NC(=O)[C@@H](N=Cc3occc3)c4ccc(O)cc4)C(=O)N2[C@H]1C(O)=O,0,0.6268656716417911
1,COc1ccc2nccc([C@H](O)[C@H]3C[C@@H]4CCN3C[C@@H]4C=C)c2c1,1,1.0
1,CN(C)CCC(c1ccccc1)c2ccccn2,0,0.4594594594594595
1,CN(C)CCOC(C)(c1ccccc1)c2ccccn2,1,0.6097560975609756
1,CN(C)CCOC(C)(c1ccccc1)c2ccccn2.OC(=O)CCC(O)=O,1,0.5208333333333334
1,CC(=O)OCC1=C(N2[C@H](SC1)[C@H](NC(=O)CSc3ccncc3)C2=O)C(O)=O,0,0.676923076923077
1,CC(=O)[C@H]1CC[C@H]2[C@@H]3CC[C@@H]4C[C@H](O)CC[C@]4(C)[C@H]3CC[C@]12C,1,0.6590909090909091
1,C[C@H]1O[C@@H](O[C@@H]\2C[C@@H]3O[C@](O)(C[C@@H](O)C[C@@H](O)[C@H](O)CC[C@@H](O)C[C@@H](O)CC(=O)O[C@@H](C)[C@H](C)[C@H](O)[C@@H](C)\C=C/C=C\C=C/C=C\C=C/C=C\C=C2)C[C@H](O)[C@H]3C(O)=O)[C@@H](O)[C@@H](N)[C@@H]1O,0,0.24778761061946902
1,C1=CC(=CC=C1B2OCC(CCC)(C)CO2)C,1,0.26666666666666666
1,[C@@]23([C@H]([C@H]1[C@H](OC(O1)(C)C)CO2)OC(O3)(C)C)CO[S](N)(=O)=O,1,0.2
1,CCCN(CCc1c2c(c(cc1)O)NC(=O)C2)CCC,1,0.7272727272727273
1,CCCN(CCc1c2c(ccc1)NC(=O)C2)CCC,1,0.45098039215686275
1,C1C(Nc2c1c(ccc2)CCN(CCC)CCC)=O,1,0.45098039215686275
1,C1C(Nc2c1c(ccc2O)CCN(CCC)CCC)=O,1,0.7272727272727273
1,C2=C(C1=C(NC(C1)=O)C=C2)CCN(CCC)CCC,1,0.45098039215686275
1,C1=CC=CC3=C1N(C2=C(C=CC=C2)[S]3(=O)=O)CC(CN(C)C)C,1,0.3023255813953488
1,C1=C(C(=CC=C1C#N)OC)C(NCCN3CCC(C(C2=CC=C(F)C=C2)=O)CC3)=O,1,0.3918918918918919
1,C1=CC=CC2=C1N(C(CO2)=O)CC(N)=O,1,0.4666666666666667
1,[C@@H]1(CCCO1)[C@@H](CC2=CC=CC=C2)NCC,1,0.3333333333333333
1,CC(C)(C)OC(=O)C1=C2CN(C(=O)C3=C(N2C=N1)C=CS3)C,1,0.3246753246753247
1,CN1Cc2n(cnc2C(=O)OC(C)(C)C)c3ccsc3C1=O,1,0.3246753246753247
1,CC(C)N1CCN(CC1)c2ccc(OC[C@H]3CO[C@@](Cn4cncn4)(O3)c5ccc(Cl)cc5Cl)cc2,0,0.7469879518072289
1,C3=C(C1=CCN(CCC)CC1)C2=CC(=CC=C2[NH]3)Cl,1,0.39436619718309857
1,C1=CC=CC3=C1C2(C(NC(=O)CC2)=O)CCC3=O,1,0.3953488372093023
1,C1=C(Cl)C=CC2=C1C3(N(CC(=O)N2C)C(C=C(O3)C)=O)C4=CC=CC=C4,1,0.373134328358209
1,[C@]14([C@H]([C@H]3[C@](F)([C@@H](O)C1)[C@@]2(C(=CC(=O)C=C2)CC3)C)C[C@@H]6[C@]4(CC5=CC=CC=C5C6)C(=O)CO)C.O,1,0.6338028169014085
1,C1=C(C=CC=C1N3C(N(CCN2CC(C)(C)C2)CC3)=O)Cl,1,0.6382978723404256
1,C1=CC=CC3=C1C4=C(C2=C(C=CC=C2)O3)CCN(CC4)C,1,0.59375
1,[H+].C1=CC3=C([N]1N(C2=CC=NC=C2)CCC)C=CC=C3.[Cl-],1,0.2413793103448276
1,[C@@H]45N([C@@H](CC(NC(=O)C1=CN(C2=C(C1=O)C=CC=C2)C3CCCCC3)C4)CC5)C,1,0.5423728813559322
1,c1(ccc(c(c1)Cl)Cl)CC(N1[C@H](CN2CCCC2)c2n(CC1)ccn2)=O,1,0.7241379310344828
1,c1(ccc(c(c1)Cl)Cl)CC(N1[C@H](C[N@@]2C[C@@H](CC2)O)c2n(CC1)ccn2)=O,0,0.6176470588235294
1,[C@@H]23[C@H]([C@H]1[C@]([C@@H](C(C)=O)CC1)(C)CC2=O)CC[C@@H]4[C@@]3(CC[C@H](C4)O)C,1,0.7959183673469388
1,CC[C@H]1OC(=O)[C@H](C)[C@@H](O[C@H]2C[C@@](C)(OC)[C@@H](O)[C@H](C)O2)[C@H](C)[C@@H](O[C@@H]3O[C@H](C)C[C@@H]([C@H]3O)N(C)C)[C@](C)(O)C[C@@H](C)\C(=N\OCOCCOC)[C@H](C)[C@@H](O)[C@]1(C)O,0,0.8369565217391305
1,C1=C(C(=C(C(=N1)C)O)CO)CSSCC2=CN=C(C(=C2CO)O)C,1,0.5121951219512195
1,CC(CN(C)C)CN1c2ccccc2CCc3ccccc13,1,0.36
1,N1(c2c(CCc3c1cccc3)cccc2)CCCN,1,0.42
1,CN(C)CCCN1c2ccccc2CCc3ccc(Cl)cc13,1,0.5660377358490566
1,CNCCCN1c2ccccc2CCc3ccccc13,1,0.5945945945945946
1,CN(C)CCCN1c2ccccc2CCc3ccccc13,1,0.65
1,C1=CC=CC2=C1N(C3=C(CC2)C=CC=C3)CCC[N+](C)(C)[O-],1,0.4418604651162791
1,C1=C(C#N)C=CC3=C1N(C2=C(C=CC=C2)CC3)CCCN(C)C,1,0.5
1,C1=CC=CC2=C1C(CC3=C(N2C)C=CC=C3)NC,1,0.43478260869565216
1,C1=CC=CC2=C1N(C3=C(CC2)C=CC=C3)CCCN(C)C,1,0.65
1,CC1(C)N[C@@H](C(=O)N1[C@H]2[C@H]3SC(C)(C)[C@@H](N3C2=O)C(O)=O)c4ccccc4,0,0.6065573770491803
1,C1=CC(=C5C2=C1CC6C34C2(C(C(OC)(C(C3)C(CC)(C)O)C=C4)O5)CCN6CC7CC7)OC,1,0.6309523809523809
1,Fc1ccc(cc1)C(=O)CCCN2CCC(CC2)C(=O)c3ccc(F)cc3,1,0.7380952380952381
1,C3=C(C(C2CCN(CCCC(C1=CC=C(F)C=C1)=O)CC2)=O)C=CC(=C3)Cl,1,0.6595744680851063
2,c1(cc(c(cc1)Cl)Cl)CC(N1CCCC[C@H]1CN1CCCC1)=O,1,0.72
2,c1(ccc(cc1)C(F)(F)F)CC(N1[C@@H](CCCC1)CN1CCCC1)=O,1,0.559322033898305
2,OC1(CCN(CCCC(=O)c2ccc(F)cc2)CC1)c3cccc(c3)C(F)(F)F,1,0.5
2,OC1(CCN(CCCC(=O)c2ccc(F)cc2)CC1)c3ccc(Br)cc3,1,0.5535714285714286
2,OC1(CCN(CCCC(=O)c2ccc(F)cc2)CC1)c3ccc(Cl)cc3,1,0.6346153846153846
2,Cc1ccc(cc1)C2(O)CCN(CCCC(=O)c3ccc(F)cc3)CC2,1,0.58
2,C1=CC=CC=C1C3(CCN(CCCC(C2=CC=C(F)C=C2)=O)CC3)CNC(C)=O,1,0.5230769230769231
2,C1=C(C(=CC=C1C3(CCN(CCCC(C2=CC=C(F)C=C2)=O)CC3)O)Cl)C(F)(F)F,1,0.6833333333333333
2,C1=CC(=CC=C1C3(CCN(CCCC(C2=CC=C(C=C2)F)=O)CC3)OC(CCCCCCCCC)=O)Cl,1,0.515625
2,C1=CC(=CC=C1C3(CCN(CCCC(C2=CC=C(F)C=C2)=O)CC3)C(N(C)C)=O)Cl,1,0.5689655172413793
2,C1=CC(=CC=C1C3(CCN(CCCC(C2=CC=C(C=C2)F)=O)CC3)OC(CCCCCCCCC)=O)Br,1,0.4852941176470588
2,CCCN1C[C@H](CSC)C[C@H]2[C@H]1Cc3c[nH]c4cccc2c34,1,0.5573770491803278
2,[C@@H]34C1=CC=CC2=C1C(=C[NH]2)C[C@H]3N(C[C@@H](C4)C(N(C(NCC)=O)CCCN(C)C)=O)CC=C,1,0.36904761904761907
2,[C@@H]34C1=CC=CC2=C1C(=C[NH]2)C[C@H]3N(C[C@H](C4)N[S](N(CC)CC)(=O)=O)C,1,0.546875
2,[C@@H]34C1=CC=CC2=C1C(=C[N]2C)C[C@H]3N(C[C@H](C4)N[S](N(C)C)(=O)=O)C,1,0.4583333333333333
2,[C@@H]34C1=CC=CC2=C1C(=C[NH]2)C[C@H]3N(C[C@H](C4)NC(N(CC)CC)=O)C,1,0.5507246376811594
2,C1=C[NH]C2=C1C(=NC=N2)NCCCCCCCCC,1,0.24444444444444444
2,C1=NC(=NC=C1)N5CCN(CCNC(C23CC4CC(C2)CC(C3)C4)=O)CC5,1,0.39655172413793105
2,C2=C(CN(C(=C(SC(=O)C1=CC=CO1)\CCOC(=O)COC(=O)C)/C)C=O)C(=NC(=N2)C)N,1,0.6619718309859155
2,C1=CC(=CC(=C1NC(OCC)=O)N)NCC2=CC=C(C=C2)F,1,0.296875
2,C2=C(C1=CC=CC=C1)ON=C2C(CN3CCCCC3)O,1,0.3090909090909091
2,Fc1ccc(cc1)C(CCCN2CCC(CC2)N3C(=O)Nc4ccccc34)c5ccc(F)cc5,1,0.5862068965517241
2,Fc1ccc(cc1)C(CCCN2CCC(CC2)N3C(=O)Nc4cc(Cl)ccc34)c5ccc(F)cc5,1,0.6363636363636364
2,OC(COc1ccc2OC(=CC(=O)c2c1)C(O)=O)COc3cccc4OC(=CC(=O)c34)C(O)=O,0,0.47058823529411764
2,IC1=C(N([H])[H])C=CC(C2=NC3=CC=C(O[H])C=C3S2)=C1,1,0.2777777777777778
2,c12c(nc([nH]1)NC(OC)=O)cc(SCCC)cc2,1,0.22077922077922077
2,CCCSc1ccc2nc(NC(=O)OC)[nH]c2c1,1,0.25
2,C1=CC=C(C2=C1CC3C(C2)CC(N[S](N(CC)CC)(=O)=O)CN3CCC)O,1,0.28205128205128205
2,CC1CCCC1,1,0.2727272727272727
2,C4=C3C(N(C1=CC=C2C(=N1)N=C(Cl)C=C2)C(=O)C3=CC=C4)CC(CCC(C)C)=O,1,0.5774647887323944
2,CC#C[C@]1(O)CC[C@H]2[C@@H]3CCC4=CC(=O)CCC4=C3[C@H](C[C@]12C)c5ccc(cc5)N(C)C,0,0.32051282051282054
2,CC(=O)OCC1=C(N2[C@H](SC1)[C@H](NC(=O)CCC[C@@H](N)C(O)=O)C2=O)C(O)=O,0,0.6461538461538462
2,C1=C(C3=C(N=C1N2CCN(CC)CC2)CCCCCC3)C4=CC=C(F)C=C4,1,0.27941176470588236
2,[Ca++].NC1=NC(=O)C2=C(NCC(CNc3ccc(cc3)C(=O)N[C@@H](CCC([O-])=O)C([O-])=O)N2C=O)N1,1,0.21839080459770116
2,C2=C(N1C(N(CCN(C)C)CC1)=O)C=CC=C2Cl,1,0.6382978723404256
2,[C@@]24(Cl)C1(C(=CC(=O)C=C1)[C@@H](F)CC2C3C(C([C@@H](C3)C)C(=O)CO)(CC4O)C)C,1,0.4868421052631579
2,[C@@]24(Cl)C1(C(=CC(=O)C=C1)[C@@H](F)CC2C3C(C([C@@H](C3)C)C(=O)COC(=O)C(C)(C)C)(CC4O)C)C,1,0.5512820512820513
2,CC1CC2C3CC(F)(F)C4=CC(=O)C=C[C@]4(C)C3(F)C(O)CC2(C)C1(O)C(=O)CO,1,0.5797101449275363
2,CC(=O)C3(O)CCC4C2CCC1=CC(=O)C=CC1(C)C2C(O)CC34C,1,0.6984126984126984
2,[C@@]23(Cl)C(C1C([C@](O)(CC1)C(=O)CO)(CC2Cl)C)CCC4=CC(=O)C=CC34C,1,0.5223880597014925
2,[C@@]23(Cl)C(C1C([C@](O)(CC1)C(=O)COC(=O)C)(CC2Cl)C)CCC4=CC(=O)C=CC34C,1,0.527027027027027
2,[C@@]24(F)C1(C(=CC(=O)C=C1)[C@@H](F)CC2C3C(C([C@@H](C3)C)C(=O)CO)(CC4O)C)C,1,0.5555555555555556
2,CC3CC2C1CCC(C(C)=O)C1(C)CC(O)C2C4(C)C=CC(=O)C=C34,1,0.6440677966101694
2,CCCCOC(=O)C(=O)C3C(C)CC4C2CC(F)C1=CC(=O)C=CC1(C)C2C(O)CC34C,1,0.46511627906976744
2,CCCCCC(=O)OCC(=O)C3C(C)CC4C2CC(F)C1=CC(=O)C=CC1(C)C2C(O)CC34C,1,0.47674418604651164
2,CC4CC3C2CC(F)C1=CC(=O)C=CC1(C)C2(F)C(O)CC3(C)C4(O)C(=O)SCF,1,0.676056338028169
2,C(C(C1(CCC2C4C(C(CC12C)O)(F)C3(C=CC(C=C3CC4)=O)C)O)=O)O,1,0.7096774193548387
2,CCOC(=O)OC3(CCC4C2CCC1=CC(=O)C=CC1(C)C2C(O)CC34C)C(=O)OCCl,1,0.5844155844155844
2,[C@@]23(Cl)C(C1C([C@](O)([C@@H](C1)C)C(=O)CO)(CC2Cl)C)CCC4=CC(=O)C=CC34C,1,0.5652173913043478
2,C(C(C4(C3(C(C2C(C1(C(=CC(=O)C=C1)CC2)C)C(C3)O)CC4)C)O)=O)OC(CN(CC)CC)=O,1,0.7361111111111112
2,[C@@]23(F)C(C1C([C@](O)(C(C1)C)C(=O)CCl)(CC2O)C)CCC4=CC(=O)C=CC34C,1,0.7580645161290323
2,CC4CC3C2CC(F)(F)C1=CC(=O)C=CC1(C)C2(F)C(O)CC3(C)C4(O)C(=O)COC(C)=O,1,0.6216216216216216
2,[C@@]4(OC(=O)CCCC)(C3(C(C2C(C1(C(=CC(=O)C=C1)C(F)C2)C)C(O)C3)CC4)C)C(=O)CO,1,0.55
2,C(C)CCC(=O)OC3(CCC4C2CCC1=CC(=O)C=CC1(C)C2C(O)CC34C)C(=O)CO,1,0.704225352112676
2,[C@]14([C@](OC(=O)CC)([C@@H](CC1C3[C@@](F)(C2(C(=CC(=O)C=C2)[C@@H](F)C3)C)[C@@H](O)C4)C)C(SC)=O)C,1,0.8405797101449275
2,CSC(=O)C3(O)C(C)CC4C2CCC1=CC(=O)C=CC1(C)C2(F)C(O)CC34C,1,0.5657894736842105
2,CC4CC3C2CC(F)C1=CC(=O)C=CC1(C)C2(F)C(O)CC3(C)C4(O)C(=O)CCl,1,0.746268656716418
2,C1=C(Cl)C=CC4=C1C3C2=CC=CC=C2CCN3CC(=O)N4C,1,0.39285714285714285
2,[C@@H]3(CN(CCC=C(C1=C(C=CS1)C)C2=C(C=CS2)C)CCC3)C(O)=O,1,0.2753623188405797
2,CC1(C)S[C@@H]2[C@H](NC(=O)[C@H](N)c3ccccc3)C(=O)N2[C@H]1C(O)=O.CC4(C)[C@@H](N5[C@@H](CC5=O)[S]4(=O)=O)C(O)=O,0,0.7627118644067796
2,[H+].C1=CC=CC2=C1N(C3=C(CC2)C=CC=C3)CCCN(CC(=O)C4=CC=C(Cl)C=C4)C.[Cl-],1,0.5660377358490566
2,CO\N=C(C(=O)NC1[C@H]2SCC(=C(N2C1=O)C(O)=O)\C=C/c3scnc3C)\c4csc(N)n4,0,0.72
2,C1=C(Cl)C=CC3=C1N(C2=CC=CC=C2)C(CCN3)=O,1,0.6363636363636364
2,C1=C(Cl)C=CC3=C1N(C2=CC=CC=C2)C(CCN3C(OCC)=O)=O,1,0.5094339622641509
2,C1=CC=CC2=C1C(N3C2=NCC3)(C4=CC=C(C=C4)Cl)O,1,0.3448275862068966
2,[C@H](C1=CC=CC=C1)([C@@H]2CNCCO2)OC3=CC=CC=C3OCC,1,0.5714285714285714
2,C1=CC=CC2=C1C3=C(C2)CCOC3(CCN(C)C)C,1,0.3877551020408163
2,CCOC(=O)N1CCC(CC1)=C2c3ccc(Cl)cc3CCc4cccnc24,0,0.3246753246753247
2,C1=CC(=CC2=C1C(C3=C(CC2)C=CC=N3)=C4CCN(C(OCC)=O)CC4)Cl,1,0.3246753246753247
2,[H+].C4=C(N3CCN(CCCN1N=C(N(C1=O)CCOC2=CC=CC=C2)CC)CC3)C=CC=C4Cl.[Cl-],1,0.7258064516129032
2,C1=CC=CC3=C1C(C2=CC=CC=C2)OCCN(C3)C,1,0.3469387755102041
2,C1=CC(=CC2=C1C(=NO2)C5CCN(CCC3=C(N=C4N(C3=O)C=CC=C4C)C)CC5)F,1,0.6621621621621622
2,[C@H]12C([C@@](O)(CC1)C#C)(CC[C@H]3C2CCC4=CC5=C(CC34C)C=N[N]5C6=CC=C(F)C=C6)C,1,0.38666666666666666
2,[C@@H](CN2CCN(C1=CC=CC=CC1=O)CC2)(C3=CC(=C(OC)C=C3)OC)O,1,0.4666666666666667
2,C1=C(OC)C(=CC2=C1C(=NN=C(C2)C)C3=CC=CC(=C3)Cl)OC,1,0.30158730158730157
2,C1=C(OC)C(=CC2=C1C(=NN=C(C2CC)C)C3=CC=C(C(=C3)OC)OC)OC,1,0.36363636363636365
2,C2=C1C(=NN=C(CC1=CC(=C2OC)OC)C)C3=CC=C(N)C=C3,1,0.2542372881355932
2,C1=C3C(=CC=C1\C=C\C(N2CCCCC2)=O)OCO3,1,0.4375
2,C1=C(OC)C(=CC2=C1[S](OC(C2)C(NC(CC(N(C)C)(C)C)C)=O)(=O)=O)OC,1,0.25316455696202533
2,CN1C(=C(\O)Nc2ccccn2)/C(=O)c3sccc3[S]1(=O)=O,0,0.7
2,C1=CC=CC(=C1N3CCN(CCCOC2=CC=CC=N2)CC3)C,1,0.36666666666666664
2,CC(C)(C)NC(=O)[C@@H]1C[C@@H]2CCCC[C@@H]2CN1C[C@@H](O)[C@H](Cc3ccccc3)NC(=O)[C@H](CC(N)=O)NC(=O)c4ccc5ccccc5n4,0,0.47
2,CC(C)CC1C(=O)NC(C(=O)N2CCCC2C(=O)NC(C(=O)NC(C(=O)NC(C(=O)NC(C(=O)N3CCCC3C(=O)NC(C(=O)NC(C(=O)N1)CCCN)C(C)C)CC4=CC=CC=C4)CC(C)C)CCCN)C(C)C)CC5=CC=CC=C5,0,0.2786885245901639
2,O=C2CC1(CCCC1)CC(=O)N2CCNCC4COc3ccccc3O4,1,0.5094339622641509
2,[N]12C(=CC=C1)C4N(C3=C(C2)C=CC=C3)CCN(C4)C.O=C(O)\C=C/C(=O)O,1,0.4716981132075472
2,[C@@]45([C@@]3([C@H]([C@H]2[C@]([C@@]1(C(=CC(=O)C=C1)CC2)C)(F)[C@H](C3)O)C[C@H]4OC(O5)(C)C)C)C(COC(C(CNC(C6=CC=CC=C6)=O)C)=O)=O,1,0.6741573033707865
2,CC1(C)S[C@@H]2[C@H](NC(=O)C(C(=O)Oc3ccccc3)c4ccccc4)C(=O)N2[C@H]1C(O)=O,0,0.7777777777777778
2,c1c2CCOc2c(cc1OC)CN[C@@H]1CCCN[C@H]1c1ccccc1,1,0.2714285714285714
2,OC(Cn1cncn1)(Cn2cncn2)c3ccc(F)cc3F,1,0.23214285714285715
2,C1=C(C(=CC(=C1[S](NC)(=O)=O)N)OC)C(NCC2N(CCC2)CC=C)=O,1,0.46835443037974683
2,C1=C([S](CC)(=O)=O)C(=CC(=C1C(NCC2N(CCC2)CC)=O)OC)N,1,0.5230769230769231
2,C1=C(C(C)=O)C=CC(=C1C(NCC2N(CCC2)CC)=O)OC,1,0.6101694915254238
2,C1=C(C(=CC=C1[S](N)(=O)=O)OC)C(NCC2N(CCC2)C)=O,1,0.7096774193548387
2,C1=C([S](CC)(=O)=O)C=CC(=C1C(NCC2N(CCC2)CC)=O)OC,1,0.6461538461538462
2,C1=C([S](N)(=O)=O)C=C(C(=C1C(NCC2N(CCC2)CC=C)=O)OC)OC,1,0.5616438356164384
2,C1=C([S](N)(=O)=O)C=CC(=C1C(NCC2N(CCC2)CCC)=O)OC,1,0.734375
2,C1=C([S](=O)(=O)N)C=CC(=C1C(NCC2N(CC)CCC2)=O)OC,1,0.7704918032786885
2,C1=C(C)C=CC3=C1C(=NC2=C(C=CC=C2)S3)N4CCN(C)CC4,1,0.5
2,C1=CC=CC3=C1C(=NC2=CC=CC=C2S3)N4CCN(CCOCCO)CC4,1,0.5084745762711864
2,C1=C(Cl)C=CC2=C1C(=NC3=C(S2)C=CC=C3)N4CCN(CC4)C,1,0.62
2,C(O)C(=O)C4(O)C3(C(C2C(C1(C(=CC(=O)CC1)CC2)C)CC3)CC4)C,1,0.7272727272727273
2,[C@@]4(OC(=O)CCCC)(C3(C(C2C(C1(C(=CC(=O)CC1)CC2)C)C(O)C3)CC4)C)C(=O)CO,1,0.9193548387096774
2,CCC(=O)C1(O)CCC2C3CCC4=CC(=O)CCC4(C)C3C(O)CC21C,1,0.8518518518518519
2,C1=C(C(=C(C=C1\C=C\C(N2CCCCCCC2)=O)OC)OC)OC,1,0.5853658536585366
2,CC1(C)S[C@@H]2[C@H](NC(=O)c3nc4ccccc4nc3C(O)=O)C(=O)N2[C@H]1C(O)=O,0,0.6071428571428571
2,C(C1=NC2=C([N]1C)C(N(C)C(N2C)=O)=O)CCN3CCN(C(N(CC)CC)=O)CC3,1,0.352112676056338
2,C1=CSC2=C1N(C3=C(C=C2)C=CC=C3)CCCN(C)C,1,0.7368421052631579
2,Cn1c2CCC(Cn3ccnc3C)C(=O)c2c4ccccc14,1,0.2542372881355932
2,c1ccc2Oc3c(cc(cc3)Cl)[C@@H]3[C@@H](c2c1)C[N@](CC3)C,1,0.825
2,c1ccc2Oc3c(cc(cc3)Cl)[C@@H]3[C@@H](c2c1)CNCC3,1,0.8157894736842105
2,[H+].[H+].[Cl-].[Cl-].OCCN1CCCN(CCCN2c3ccccc3Sc4cc(ccc24)C(F)(F)F)CC1,1,0.8076923076923077
2,C1=C(C(F)(F)F)C=CC3=C1N(C2=C(C=CC=C2)S3)CCCN4CCN(CCO)CCC4,1,0.9375
2,[C@@]34(F)C(C2C(C1(N=C(OC1C2)C)C(=O)COC(=O)C)(CC3O)C)CCC5=CC(=O)C=CC45C,1,0.6538461538461539
2,Oc1ccc(cc1)C2(OC(=O)c3ccccc23)c4ccc(O)cc4,0,0.2777777777777778
2,[Cl-].NC12CC3CC(CC(C3)C1)C2.[H+],1,0.21568627450980393
2,CC12CC3(CC(C1)(CC(C2)C3)N)C,1,0.2222222222222222
2,[C@@H]4(C1=C2C(=CC(=C1)Br)CCO2)C3=C(C=C(Cl)C(=C3)O)CCN(C4)C,1,0.328125
2,[C@@H]4(C1=CC=CC2=C1OCC2)C3=CC(=C(Cl)C=C3CCN(C4)C)O.CC(=O)O,1,0.36923076923076925
2,[C@H](O)(/C=C/C1=C(C3=C(OC12CCCC2)C=CC=C3)C4=CC=C(F)C=C4)C[C@H](O)CC(OCC)=O,1,0.32954545454545453
2,CC/C(c1ccccc1)=C(c2ccccc2)/c3ccc(OCCN(C)C)cc3,1,0.3877551020408163
2,C1=C(C=CC=C1N3CCN(CCC2=N[NH]C(=C2)C)CC3)C,1,0.4
2,C1=C(C=CC=C1N3CCN(CCC2=N[NH]C(=C2)C)CC3)Cl,1,0.5370370370370371
2,CC1(C)S[C@@H]2[C@H](NC(=O)C(C(=O)Oc3ccc4CCCc4c3)c5ccccc5)C(=O)N2[C@H]1C(O)=O,0,0.6461538461538462
2,FC1=CNC(=O)NC1=O,0,0.23404255319148937
2,CN[C@H]1[C@H](O)[C@@H](O)[C@H](CO)O[C@H]1O[C@H]2[C@@H](O[C@@H](C)[C@]2(O)C=O)O[C@H]3[C@H](O)[C@@H](O)[C@H](N=C(N)N)[C@@H](O)[C@@H]3N=C(N)N,0,0.3176470588235294
2,CN[C@H]1[C@H](O)[C@@H](O)[C@H](CO)O[C@H]1O[C@H]2[C@@H](O[C@@H](C)[C@]2(O)CO)O[C@@H]3[C@@H](O)[C@H](O)[C@@H](N=C(N)N)[C@H](O)[C@H]3N=C(N)N,0,0.3333333333333333
2,C4=C(C(C2C(C1=CC=NC=C1)C2)(C3=CC=CC=C3)O)C=CC=C4,1,0.38461538461538464
2,[C@@H]3(C1=CC=C(Cl)C=C1)[C@H]2CC[C@@H](C2)C34CCC(=N4)N5CCOCC5,1,0.25806451612903225
2,[C@@H]1(NCCCC1)[C@@H]2OC(OC2)(C3=CC=CC=C3)C4=CC=CC=C4,1,0.6666666666666666
2,S1[C@H]4N(CC1(C2CN3[C@H](S2)CC3=O)O)C(C4)=O,1,0.2222222222222222
2,C1=CC(=CC=C1C2(C(CC(C)C)N(C)C)CCC2)Cl,1,0.3333333333333333
2,CC(C)(C)NCC(O)COc1cccc2NC(=O)CCc12,0,0.5535714285714286
2,CC1(C)S[C@@H]2[C@H](NC(=O)C3(N)CCCCC3)C(=O)N2[C@H]1C(O)=O,0,0.6363636363636364
2,C1=C(F)C=CC2=C1N4C(CN=C2C3=CC=CS3)CN(C)CC4,1,0.31645569620253167
2,[C@@]45([C@@]3([C@H]([C@H]2[C@]([C@@]1(C(=CC(=O)C=C1)CC2)C)(F)[C@H](C3)O)C[C@H]4OC6(O5)CCCC6)C)C(COC(C)=O)=O,1,0.7215189873417721
2,CO/N=C(C(=O)N[C@H]1[C@H]2SCC(=C(N2C1=O)C(O)=O)Cn3nnc(C)n3)/c4csc(N)n4,0,0.72
2,COc1cccc2C(=O)c3c(O)c4C[C@](O)(C[C@H](O[C@H]5C[C@H](N)[C@H](O)[C@H](C)O5)c4c(O)c3C(=O)c12)C(=O)CO,0,0.8356164383561644
2,COc1cccc2C(=O)c3c(O)c4C[C@](O)(C[C@H](O[C@H]5C[C@H](N)[C@H](O)[C@H](C)O5)c4c(O)c3C(=O)c12)C(C)=O,0,0.8472222222222222
2,[Cl-].CC(=O)[C@@]1(N)C[C@H](O[C@H]2C[C@H](O)[C@H](O)CO2)c3c(O)c4C(=O)c5ccccc5C(=O)c4c(O)c3C1.[H+],0,0.5
2,C[C@@H]1O[C@H](C[C@H](N)[C@@H]1O)O[C@H]2C[C@@](O)(Cc3c(O)c4C(=O)c5ccccc5C(=O)c4c(O)c23)C(C)=O,0,0.8656716417910447
2,COc1cccc2C(=O)c3c(O)c4C[C@](O)(C[C@H](O[C@H]5C[C@H](NC(=O)[C@@H](N)CC(C)C)[C@H](O)[C@H](C)O5)c4c(O)c3C(=O)c12)C(=O)CO,0,0.6703296703296703
2,[C@H]5(CN(C(C3=C2C1=CC(=CC=C1CCN2C(=O)C(=C3)C4=CC=CC=C4)Cl)=O)CC5)OCC,1,0.2962962962962963
2,CC1=C(N2[C@H](SC1)[C@H](NC(=O)Cc3ccc(cc3)C4=NCCCN4)C2=O)C(O)=O,0,0.5
2,CN(C)Cc1ccnc(c2cccc(NC3C([N+]([O-])=O)=CC=N3)c2)c1,1,0.3972602739726027
2,[C@@H]2(OC1=C(C=CC=C1)CO)O[C@@H]([C@@H](O)[C@@H]([C@H]2O)O)CO,1,0.3333333333333333
2,C[C@H]1C[C@H]2[C@@H]3CC[C@](O)(C(=O)CO)[C@@]3(C)C[C@H](O)[C@@H]2[C@@]4(C)C=CC(=O)C=C14,0,0.5970149253731343
2,C[C@]12C[C@H](O)[C@H]3[C@@H](CCC4=CC(=O)C=C[C@]34C)[C@@H]1CC[C@]2(O)C(=O)CO,0,0.746031746031746
2,[C@@]4([C@@]3([C@H]([C@H]2[C@@H]([C@@]1(C(=CC(=O)C=C1)C[C@H]2Cl)C)[C@H](C3)O)C[C@H]4C)C)(C(COC(CC)=O)=O)OC(CC)=O,1,0.40217391304347827
2,[C@@]4([C@@]3([C@H]([C@H]2[C@@H]([C@@]1(C(=CC(=O)C=C1)[C@H](C2)C)C)[C@H](C3)O)CC4)C)(C(COC(C)=O)=O)OC(CC)=O,1,0.6455696202531646
2,[C@]34([C@H]([C@H]2[C@@H]([C@@]1(C(=CC(=O)C=C1)[C@H](C2)F)C)[C@H](C3)O)C[C@H]([C@@]4(C(COC(C)=O)=O)O)C)C,1,0.684931506849315
2,[C@@]4([C@@]3([C@H]([C@H]2[C@@H]([C@@]1(C(=CC(=O)C=C1)CC2)C)[C@H](C3)O)CC4)C)(C(COC(CC)=O)=O)OC(OCC)=O,1,0.6282051282051282
2,[C@H]34[C@H]2[C@@H]([C@@]1(C(=CC(=O)C=C1)CC2)C)[C@@H](O)C[C@@]3([C@](C(COC(COC(CCCCCCCCCCCCCCCCC)=O)=O)=O)(O)CC4)C,1,0.6025641025641025
2,[C@]34([C@H]([C@H]2[C@@H]([C@@]1(C(=CC(=O)C=C1)CC2)C)[C@H](C3)O)CC[C@@]4(C(COC(CC(C)(C)C)=O)=O)O)C,1,0.6438356164383562
2,[C@H]12[C@@]([C@](C(CC)=O)(C)[C@@H](C1)C)(C[C@H](O)[C@H]3[C@H]2CCC4=CC(=O)C=C[C@]34C)C,1,0.5909090909090909
2,[C@H]24[C@H]1[C@@]([C@](O)([C@@H](C1)C)C(=O)CO)(C[C@H](O)[C@@H]2[C@@]3(C(=CC(=O)C=C3)C[C@H]4Cl)C)C,1,0.5070422535211268
2,[C@H]24[C@H]1[C@@]([C@@H](C(C(OCCCC)=O)=O)[C@@H](C1)C)(C[C@@H]([C@@H]2[C@@]3(C(=CC(=O)C=C3)[C@H](C4)F)C)O)C,1,0.46511627906976744
2,[C@H]24[C@H]1[C@@]([C@@H](C(CO)=O)[C@@H](C1)C)(C[C@@H]([C@@H]2[C@@]3(C(=CC(=O)C=C3)[C@H](C4)F)C)O)C,1,0.5555555555555556
2,[C@H]24[C@H]1[C@@]([C@](C(CO)=O)(O)CC1)(C[C@@H]([C@@H]2[C@@]3(C(=CC(=O)C=C3)[C@H](C4)F)C)O)C,1,0.6285714285714286
2,[C@H]24[C@H]1[C@@]([C@](C(CO)=O)(O)CC1)(C[C@@H]([C@@H]2[C@@]3(C(=CC(=O)C=C3)[C@H](C4)C)C)O)C,1,0.5970149253731343
2,[C@H]24[C@H]1[C@@]([C@](C(COC(C)=O)=O)(O)CC1)(C[C@@H]([C@@H]2[C@@]3(C(=CC(=O)C=C3)[C@H](C4)C)C)O)C,1,0.589041095890411
2,[C@H]24[C@H]1[C@@]([C@](C(COC(CCC(O)=O)=O)=O)(O)CC1)(C[C@@H]([C@@H]2[C@@]3(C(=CC(=O)C=C3)[C@H](C4)C)C)O)C,1,0.5897435897435898
2,[C@]12(C(=CC(C=C1)=O)[C@H](C[C@H]3[C@H]4[C@](C[C@@H]([C@H]23)O)([C@](C(=O)CO)(O)[C@@H](C4)C)C)F)C,1,0.6521739130434783
2,[C@]34([C@H]([C@H]2[C@@H]([C@@]1(C(=CC(=O)C=C1)CC2)C)[C@H](C3)O)CC[C@@]4(C(COC(C)=O)=O)O)C,1,0.7076923076923077
2,[C@]14([C@@](C(=O)COC(CCC(=O)[O-])=O)(CC[C@H]1[C@@H]3CCC2=CC(C=C[C@@]2([C@H]3[C@H](C4)O)C)=O)O)C.[Na+],1,0.6266666666666667
2,C3=C(C2C(COC1=CC=C(OC)C=C1)CN(C)CC2)C=CC=C3,1,0.35714285714285715
2,CNCC[C@@H](O)[C@@H]1C[C@@H](CN1)SC2=C(N3[C@H]([C@H]2C)[C@@H]([C@@H](C)O)C3=O)C(O)=O,0,0.6615384615384615
2,C[C@@H](O)[C@@H]1[C@H]2SC(=C(N2C1=O)C(O)=O)SC3CC[S](=O)C3,0,0.36363636363636365
2,CC1(C)S[C@@H]2[C@H](NC(=O)CCC[C@@H](N)C(O)=O)C(=O)N2[C@H]1C(O)=O,0,0.5789473684210527
2,CN1CCC(=CC1)c2ccccc2,1,0.3611111111111111
2,[C@]34([C@H](C2[C@@](F)([C@@]1(C(=CC(=O)C=C1)[C@@H](F)C2)C)[C@@H](O)C3)C[C@H]5OC(O[C@@]45C(=O)COC(=O)C6CC6)(C)C)C,1,0.8732394366197183
2,C3=C(C1=NCCN=C2N(NC(=C12)C)C)C=CC=C3Cl,1,0.36363636363636365
2,C1=C4C(=CC=C1CN3CCC(NC(NC(C2=CC=CC=C2)=O)=O)CC3)C=CC=C4,1,0.417910447761194
2,[C@H](NC(C3=CC=C(NCC1=NC2=C(N=C1)NC(=NC2=O)N)C=C3)=O)(CCC(O)=O)C(O)=O,1,0.28378378378378377
2,C1=C(Cl)C=CC4=C1N(CCCN3CCC(N2CCCCC2)(CC3)C(N)=O)C5=C(CC4)C=CC=C5,1,0.6
2,C1=CC=CC4=C1N(CCCN3CCC(N2CCCCC2)(CC3)C(N)=O)C5=C(CC4)C=CC=C5,1,0.5344827586206896
2,Cc1ccc(cc1)[S](=O)(=O)NC(=O)NN2CCCCCC2,0,0.5
2,OC1OC(COCCOC(O)C(Cl)(Cl)Cl)C(OC2OC(COCCOCCOC(O)C(Cl)(Cl)Cl)CC(OC(O)C(Cl)(Cl)Cl)C2O)C(OCCOCCOC(O)C(Cl)(Cl)Cl)C1O,1,0.24050632911392406
2,COC(=O)[C@H]1[C@H](CC2CCC1N2C)OC(=O)c3ccccc3,1,0.4
2,COc1ccc2nccc([C@H](O)[C@H]3C[C@@H]4CCN3C[C@@H]4C=C)c2c1,1,1.0
2,[C@H]23C([C@@]1(OC(O[C@@H]1C2)(C)C)C(=O)COC(=O)C)(CC(O)[C@@]4(F)C3CC(=C5C4(CCC(=C5)OCCCl)C)C#N)C,1,0.8048780487804879
2,C1=CC(=CC=C1C(CCCN3CCC2(C(N(C)C(C2)=O)=O)CC3)=O)F,1,0.5686274509803921
2,C2=C(C(C[N]1C=CN=C1)=O)C=CC3=CC=CC=C23,1,0.34615384615384615
2,CN(C)[C@H]1[C@@H]2[C@@H](O)[C@@H]3C(=C)c4cccc(O)c4C(=C3C(=O)[C@]2(O)C(=O)\C(=C(N)/O)C1=O)O,0,0.75
2,CC(C)(C)NC(=O)[C@@H]1CN(CCN1C[C@@H](O)C[C@@H](Cc2ccccc2)C(=O)N[C@@H]3[C@H](O)Cc4ccccc34)Cc5cccnc5,1,0.25862068965517243
2,Cc1onc(N[S](=O)(=O)c2ccc(N)cc2)c1,1,0.5853658536585366
2,C1=CC(=CC=C1[S](NC2=NOC(=C2)C)(=O)=O)N,1,0.5853658536585366
2,OC[C@H]1O[C@@H](OC2=C(Oc3cc(O)cc(O)c3C2=O)c4ccc(O)c(O)c4)[C@H](O)[C@@H](O)[C@@H]1O,0,0.2571428571428571
2,CC/C=C(C(=O)N[C@H]1[C@H]2SCC(=C(N2C1=O)C(O)=O)COC(N)=O)/c3csc(N)n3,0,0.6363636363636364
2,O.O.Nc1scc(n1)\C(=C\CC(O)=O)C(=O)N[C@H]2[C@H]3SCC=C(N3C2=O)C(O)=O,0,0.6428571428571429
2,C[C@]12CC[C@H]3[C@@H](CCc4cc(O)ccc34)[C@@H]1CC[C@@H]2O,0,0.625
2,C[C@]12CC[C@H]3[C@@H](CCc4cc(O)ccc34)[C@@H]1CC[C@@]2(O)C#C,0,0.5769230769230769
2,COc1ccc2[C@H]3CC[C@@]4(C)[C@@H](CC[C@@]4(O)C#C)[C@@H]3CCc2c1,0,0.4918032786885246
2,CO/N=C(C(=O)N[C@H]1[C@H]2SCC(=C(N2C1=O)C(O)=O)CSc3snnc3)/c4csc(N)n4,0,0.7294117647058823
2,C1=CC=CC=C1C2=NCC(NC3=C2[N](N=C3C)CC)=O,1,0.49056603773584906
2,COc2cc1oc(=O)c(C)c(C)c1cc2OCCCN3CCN(CC3)c4ccccc4OC,1,0.48484848484848486
2,Cc1sc(SCC2=C(N3[C@H](SC2)[C@H](NC(=O)CN4C=C(Cl)C(=O)C(=C4)Cl)C3=O)C(O)=O)nn1,0,0.6363636363636364
2,C1=CC=CC2=C1C(=NS2)N5CCN(CCC4=CC3=C(NC(C3)=O)C=C4Cl)CC5,1,0.4647887323943662
2,CN(C)CC\C=C/1c2ccccc2Sc3ccc(Cl)cc13,1,0.5769230769230769
2,C1=CC=CC3=C1C(C2=C(C=CC=C2)S3)=CCCN(C)C,1,0.6341463414634146
2,CN(C)[C@H]1[C@@H]2C[C@H]3C(=C(O)c4c(O)cccc4[C@@]3(C)O)C(=O)[C@]2(O)C(=O)\C(=C(/O)NCN(C)CCN(C)CNC(/O)=C/5C(=O)[C@H]([C@@H]6C[C@H]7C(=C(O)c8c(O)cccc8[C@@]7(C)O)C(=O)[C@]6(O)C5=O)N(C)C)C1=O,0,0.7368421052631579
2,CC12C(C(CC1=O)CC2)(C)C,1,0.24489795918367346
2,C1=CC=CC=C1NC(OCC3(COC(NC2=CC=CC=C2)=O)CCCC3)=O,1,0.3333333333333333
2,CCCCC1C(=O)N(N(C1=O)c2ccccc2)c3ccccc3,0,0.325
2,C4=C(C(C(=O)N1CCCC1)(C2=CC=CC=C2)C(CN3CCOCC3)C)C=CC=C4,1,0.35185185185185186
2,[O+]1=N[N](C=C1[N-]C(NC2=CC=CC=C2)=O)C(CC3=CC=CC=C3)C,1,0.32653061224489793
3,C1=CC(=NC2=C1C(C(=CN2CC)C(O)=O)=O)CC3=CC=CC=C3,1,0.6595744680851063
3,[C@]12(OC(O[C@@H]1C[C@@H]3C2(CC(O)[C@H]4C3CCC5=CC(=O)C=CC45C)C)(C)C)C(=O)CO,1,0.7285714285714285
3,CSc1ccc2Sc3ccccc3N(CCC4CCCCN4C)c2c1,1,0.6271186440677966
3,CN1CCCCC1CCN2c3ccccc3Sc4ccc(cc24)[S](C)(=O)=O,1,0.5692307692307692
3,CN1CCCCC1CCN2c3ccccc3Sc4ccc(cc24)[S](C)=O,1,0.42857142857142855
3,C1=C(OC)C=CC3=C1N(C2=C(C=CC=C2)S3)CCC4N(CCCC4)C,1,0.5535714285714286
3,c1cccn2c1nc(c2)CCN,0,0.3023255813953488
3,NCCc1cn2c(n1)cccc2,0,0.3023255813953488
3,c1c(nc2n1cccc2)CCN,0,0.3023255813953488
3,[C@H]12N(CC[C@](C1C)(C3=C(C2=O)C=CC(=C3)O)C)CC4CC4,1,0.6346153846153846
3,C1=CC=NC=C1C(N2CCOCC2)=O,1,0.4722222222222222
3,CCCCc1nc(Cl)c(CO)n1Cc2ccc(cc2)c3ccccc3c4n[nH]nn4,0,0.43243243243243246
3,[C@@]45([C@@]3([C@H]([C@H]2[C@]([C@@]1(C(=CC(=O)CC1)CC2)C)(F)[C@H](C3)O)C[C@H]4OC(O5)(C)C)C)C(CCl)=O,1,0.6081081081081081
3,[C@H]23[C@@]([C@@]1(O[C@@H](O[C@@H]1C2)CCC)C(=O)CO)(C[C@H](O)[C@@]4(F)[C@H]3C[C@H](F)C5=CC(=O)CC[C@]45C)C,1,0.5217391304347826
3,C1=C(C(=C(C(=N1)C)O)CO)CSSCC2=CN=C(C(=C2CO)O)C,1,0.5121951219512195
3,C2=C(N1C(SCC1)=N)C(=CC(=C2)Cl)N,1,0.2641509433962264
3,[C@H]24C([C@@]1(O[C@@](O[C@@H]1C2)(C3=CC=CC=C3)C)C(=O)CO)(C[C@H](O)[C@@]5(F)C4CCC6=CC(=O)C=CC56C)C,1,0.7857142857142857
3,OC(COc1ccc2OC(=CC(=O)c2c1)C(O)=O)COc3cccc4OC(=CC(=O)c34)C(O)=O,0,0.47058823529411764
3,CC(C)C[C@@H]1N2C(=O)[C@](NC(=O)[C@H]3CN(C)[C@@H]4Cc5c(Br)[nH]c6cccc(C4=C3)c56)(O[C@@]2(O)[C@@H]7CCCN7C1=O)C(C)C,0,0.4117647058823529
3,[NH]C(CC(C)C([N@@](C(C)(C)C)C(N)(C)N)(C)C)c1c(c(c[nH+][o+]1)C)[O-],1,0.15254237288135594
3,COc1cc2CCN(C)C3CC4(C=CC(=O)C=C4)c(c1O)c23,1,0.3333333333333333
3,c1(ccc(c(c1)Cl)Cl)CC(N1[C@H](CN2CCCC2)c2n(CC1)ccn2)=O,1,0.7241379310344828
3,c1(ccc(c(c1)Cl)Cl)CC(N1[C@H](C[N@@]2C[C@@H](CC2)O)c2n(CC1)ccn2)=O,0,0.6231884057971014
3,Clc1ccc2OC(=O)Nc2c1,1,0.26666666666666666
3,COc1cccc2C(=O)c3c(O)c4C[C@](O)(C[C@H](O[C@H]5C[C@H](N)[C@H](O[C@H]6CCCCO6)[C@H](C)O5)c4c(O)c3C(=O)c12)C(=O)CO,0,0.7857142857142857
3,[C@@](O)(C5C6(OC)C2OC1=C(O)C=CC4=C1C23C(C(N(CC3)CC=C)C4)(C5)C=C6)(CCC)C,1,0.6962025316455697
3,C2=CC(=C3OC5C14C6(C(N(CC1)C)CC2=C34)CC(C5(OC)C=C6)C(O)(CCC)C)O,1,0.7866666666666666
3,CN=C1CN(O)C(=C2C=C(Cl)C=CC2=N1)c3ccccc3,1,0.6923076923076923
3,C5=C(C(CN1C2C4C(CC1)(C3=C(C2)C=CC(=C3)O)CCCC4)=O)C=CC=C5,1,0.7241379310344828
3,S=[P](N1CC1)(N2CC2)N3CC3,1,0.10810810810810811
3,C1=CC=C2C(=C1)C3C(O3)C4=CC=CC=C4N2C(=O)N,1,0.425
3,NC(=O)N1c2ccccc2C3OC3c4ccccc14,1,0.425
3,[C@@H]1(C3=C([C@H](C2=C1C=CC=C2)C)C=CC(=C3)C(F)(F)F)CCCN(C)C,1,0.40350877192982454
3,CCC(C)C(N)C1=NC(CS1)C(=O)N[C@@H](CC(C)C)C(=O)N[C@H](CCC(O)=O)C(=O)N[C@@H]([C@@H](C)CC)C(=O)NCCCC[C@@H]2NC(=O)[C@H](CC(N)=O)NC(=O)[C@@H](CC(O)=O)NC(=O)[C@H](Cc3[nH]cnc3)NC(=O)[C@@H](Cc4ccccc4)NC(=O)[C@@H](NC(=O)[C@@H](CCCN)NC2=O)[C@@H](C)CC,0,0.18446601941747573
3,C4=C3[NH]C1=C(CCNC1CC2=CC=CC=C2)C3=CC=C4,1,0.3333333333333333
3,C1=N[N]3C(=C1C(C2=NC=CC=C2)=O)N=CC=C3C4=CC=NC=C4,1,0.3382352941176471
3,C[C@]1(O)CC[C@H]2[C@@H]3CC[C@H]4CC(=O)OC[C@]4(C)[C@H]3CC[C@]12C,0,0.5
3,CC(C)[C@@H](CN1CCCC1)N(C)C(=O)Cc2ccc(Cl)c(Cl)c2,1,0.5087719298245614
3,C1=C(C(=CC(=C1[S](NC)(=O)=O)N)OC)C(NCC2N(CCC2)CC=C)=O,1,0.46835443037974683
3,C1=C([S](CC)(=O)=O)C(=CC(=C1C(NCC2N(CCC2)CC)=O)OC)N,1,0.5230769230769231
3,C1=C(C(C)=O)C=CC(=C1C(NCC2N(CCC2)CC)=O)OC,1,0.6101694915254238
3,C1=C(C(=CC=C1[S](N)(=O)=O)OC)C(NCC2N(CCC2)C)=O,1,0.7096774193548387
3,C1=C([S](CC)(=O)=O)C=CC(=C1C(NCC2N(CCC2)CC)=O)OC,1,0.6461538461538462
3,C1=C([S](N)(=O)=O)C=C(C(=C1C(NCC2N(CCC2)CC=C)=O)OC)OC,1,0.5616438356164384
3,C1=C([S](N)(=O)=O)C=CC(=C1C(NCC2N(CCC2)CCC)=O)OC,1,0.734375
3,C1=C([S](=O)(=O)N)C=CC(=C1C(NCC2N(CC)CCC2)=O)OC,1,0.7704918032786885
3,CN(C)Cc1ccnc(c2cccc(NC3C([N+]([O-])=O)=CC=N3)c2)c1,1,0.6507936507936508
3,C1=C2C(=CC=C1)CCC(=C2)CC3=NCNC3,1,0.23529411764705882
3,[C@@H]4(C1=C2C(=CC(=C1)Br)CCO2)C3=C(C=C(Cl)C(=C3)O)CCN(C4)C,1,0.328125
3,[C@@H]4(C1=CC=CC2=C1OCC2)C3=CC(=C(Cl)C=C3CCN(C4)C)O.CC(=O)O,1,0.36923076923076925
3,CC1(C)S[C@@H]2[C@H](NC(=O)[C@H](N)c3ccccc3)C(=O)N2[C@H]1C(O)=O.CC4(C)[C@@H](N5[C@@H](CC5=O)[S]4(=O)=O)C(O)=O,0,0.7627118644067796
3,C1CN2CCC1C(C2)CN3c4ccccc4Sc5ccccc35,0,0.391304347826087
3,C1=CC=CC2=C1SC5=C(N2CC3C4CCN(C3)CC4)C=CC=C5,1,0.391304347826087
3,CC(C)[C@H](NC(=O)[C@H](Cc1ccccc1)NC(=O)CNC(=O)[C@@H](C)NC(=O)[C@@H](N)Cc2ccc(O)cc2)C(N)=O,0,0.3150684931506849
3,C1=CC=CC(=C1N2C(=NC3=C(C2=O)C=CC=C3)\C=C\C4=NC=CC=C4)C,1,0.5869565217391305
3,C(Cl)Cl,1,0.13043478260869565
3,CCCC(C)C,1,0.2857142857142857
3,ClCC(F)(F)F,1,0.14814814814814814
3,[Na+].[Na+].[Na+].[O-]C(=O)[P]([O-])([O-])=O,1,0.1935483870967742
3,NC(CO)(CO)CO,0,0.14705882352941177
3,NC(N)=O,1,0.25
3,OC(=O)CCCCCCCC(O)=O,0,0.3333333333333333
3,[Cl-].CC(C[N+](C)(C)C)OC(N)=O,0,0.3157894736842105
3,C[S](=O)(=O)OCCCCO[S](C)(=O)=O,1,0.17073170731707318
3,CCCCNC(=O)OCC(C)(CCC)COC(N)=O,1,0.30612244897959184
3,CCCC(CCC)C(O)=O,1,0.2564102564102564
3,NC(=O)NO,1,0.25925925925925924
3,ClCCNC(=O)N(CCCl)N=O,1,0.5277777777777778
3,OCC(O)C(O)C(O)C(O)CO,0,0.2
3,FCOC(C(F)(F)F)C(F)(F)F,1,0.14545454545454545
3,[Na+].[O-][S](=O)(=O)CCS,0,0.16666666666666666
3,CC(Cl)(Cl)Cl,1,0.2
3,C(CCl)(F)(F)F,1,0.14814814814814814
3,CC(C)CO,1,0.21428571428571427
3,CCC(C)(C)C,1,0.16666666666666666
3,CCCC(C)CC,1,0.26666666666666666
3,CCC(C)CC,1,0.23076923076923078
3,CCC(C)=O,1,0.2692307692307692
3,ClCCl,1,0.13043478260869565
3,CCOCC,1,0.18518518518518517
3,C=COC=C,1,0.13333333333333333
3,FC(F)OC(F)(F)C(F)Cl,1,0.14814814814814814
3,CCO,1,0.2
3,FC(F)(F)COC=C,1,0.16363636363636364
3,FC(F)(F)C(Cl)Br,1,0.13043478260869565
3,CCCCCCC,1,0.24242424242424243
3,CCCCCC,1,0.2413793103448276
3,FC(F)OC(Cl)C(F)(F)F,1,0.14814814814814814
3,COC(F)(F)C(Cl)Cl,1,0.25
3,CCC(C)C(CC)C(=O)NC(N)=O,1,0.43243243243243246
3,CCCCC,1,0.20689655172413793
3,CCCO,1,0.1935483870967742
3,CC(C)=O,1,0.23809523809523808
3,OC(O)C(Cl)(Cl)Cl,1,0.1891891891891892
3,C[N+](C)(C)CCO,1,0.1388888888888889
3,FC(Br)C(F)(F)F,1,0.13157894736842105
3,CN(C)CCO,1,0.24242424242424243
3,ClC=C(Cl)Cl,1,0.13793103448275862
3,ClC(Cl)Cl,1,0.08571428571428572
3,CC(C)O,1,0.2631578947368421
3,CC\C(=C/C)C(=O)NC(N)=O,1,0.3076923076923077
3,CCC(C)(CC)OC(N)=O,1,0.32432432432432434
3,CCC(O)(\C=C\Cl)C#C,1,0.15555555555555556
3,CCCC(C)(COC(N)=O)COC(N)=O,1,0.39473684210526316
3,NCCCNCCS[P](O)(O)=O,0,0.15
3,CCC(C)(O)C#C,1,0.18181818181818182
3,CCN(CC)C(=S)SSC(=S)N(CC)CC,1,0.25
3,CC[C@@H](CO)NCCN[C@@H](CC)CO,0,0.1794871794871795
3,ClC(C(F)(F)Cl)(F)F,1,0.15789473684210525
3,C(C(C(NC(NC(C)=O)=O)=O)(CC)Br)C,1,0.25
3,C(C(NC(C)=O)C(O)=O)CC(N)=O,1,0.28
3,C(C(C)(C)O)C,1,0.2692307692307692
3,[C@H](CCCNC(C)=O)(C(O)=O)NC(C)=O,1,0.27450980392156865
3,CC(C(C(NC(N)=O)=O)Br)C,1,0.35135135135135137
3,C(Br)(Br)Br,1,0.09523809523809523
3,C(C(CCCC)CC)NC(CC(C)O)=O,1,0.2222222222222222
3,C(C(OC(C(Cl)(Cl)Cl)O)C)C(C)(C)O,1,0.2978723404255319
3,C(Cl)(Cl)Cl,1,0.08571428571428572
3,C(C(Cl)(Cl)Cl)OC(OCC(Cl)(Cl)Cl)=O,1,0.21052631578947367
3,C(C(N(C(\C=C\C)=O)CC)C(N(C)C)=O)C,1,0.18181818181818182
3,C(C)Cl,1,0.17647058823529413
3,C=C,1,0.047619047619047616
3,[C@H](C(NCCCC(O)=O)=O)(C(CO)(C)C)O,1,0.24074074074074073
3,C(C(C(C)C)(C(N)=O)Br)C,1,0.275
3,C(C(C(CC)C)(COC(N)=O)C)OC(N)=O,1,0.375
3,CNC(NC(C(Cl)(Cl)Cl)O)=O,1,0.1956521739130435
3,C(NCC(N)=O)CCCC,1,0.27906976744186046
3,C(C(COC(N)=O)(C(CC)C)C)OC(NC(C)C)=O,1,0.3125
3,C(C(F)(F)F)F,1,0.16
3,C(C(NN)C)CCCCC,1,0.3125
3,CC(C(C(OC(N)=O)C)C)OC(N)=O,1,0.3333333333333333
3,C(C(COC(C(Cl)(Cl)Cl)O)(COC(C(Cl)(Cl)Cl)O)COC(C(Cl)(Cl)Cl)O)OC(C(Cl)(Cl)Cl)O,1,0.34146341463414637
3,C(NC(C(C)(C)C)=O)CCC(O)=O,1,0.25
3,[C@@H](CC(=O)O)(CC(C)C)CN,1,0.23684210526315788
3,[CH2-][CH-]C,1,0.1
3,C([S](C(C)(C)[S](=O)(=O)CC)(=O)=O)C,1,0.2222222222222222
3,BrCC(O)(Br)Br,1,0.17857142857142858
3,O=[P](O)(OCC(Cl)(Cl)Cl)O,1,0.23255813953488372
3,NC(=O)OCC,1,0.39285714285714285
3,C(C(C(N)=O)(CCC)CCC)CC,1,0.2571428571428571
3,C(C(C(OCOC(C(C)(C)C)=O)=O)CCC)CC,1,0.25396825396825395
3,C(C(C=C)N)CC(O)=O,1,0.21621621621621623
3,C(=C)OC=C,1,0.13333333333333333
3,C(OC(NC(C(Cl)(Cl)Cl)O)=O)C,1,0.3333333333333333
3,C(C(C(NC(N)=O)=O)(CC)Br)C,1,0.34210526315789475
3,ClC(CCC)O,1,0.21875
3,C(C(N(C(\C=C\C)=O)CCC)C(N(C)C)=O)C,1,0.2
3,O(C(C(F)(F)F)F)C(F)F,1,0.11904761904761904
3,COC(C(F)Br)(F)F,1,0.19230769230769232
3,C(C([S](CC)(=O)=O)([S](CC)(=O)=O)C)C,1,0.20689655172413793
3,C(C(C(N)=O)(CC)CC)C=C,1,0.23809523809523808
3,C(C(C(CC)C)C(N)=O)C,1,0.3055555555555556
3,C(C(CCC)C(N)=O)CC,1,0.2857142857142857
3,[N+](=[N-])=O,1,0.08888888888888889
3,NC(=O)N1c2ccccc2C=Cc3ccccc13,1,0.4594594594594595
3,C1=CC=CC2=C1N(C3=C(C=C2)C=CC=C3)CCCN(C)C,1,0.7368421052631579
3,N1(Cc2cc(OCCCNc3oc4ccccc4n3)ccc2)CCCCC1,1,0.6271186440677966
3,C1CN(CCC1)Cc1cccc(c1)OCCCNc1nc2c(o1)cccc2,1,0.6271186440677966
3,Cc1noc(N[S](=O)(=O)c2ccc(N)cc2)c1C,1,0.5
3,[C@@H](/C=C/C1=C(N=C(C(=C1C2=CC=C(C=C2)F)COC)C(C)C)C(C)C)(C[C@H](CC(O)=O)O)O,1,0.49295774647887325
3,C3=C(C1C(N(CCO1)CCOC(C(C2=CC=CC=C2)CC)=O)C)C=CC=C3,1,0.45098039215686275
3,C1=C2C(=CC=C1\C=C\C(C(C)(C)C)O)OCO2,1,0.4375
3,[H+].C2=C1OCC(OC1=C(C=C2)OCC)CNCCCC.[Cl-],1,0.2903225806451613
3,C1=CC=CC2=C1OC(CNCCCC)CO2,1,0.3389830508474576
3,CC(C)CCNCC2COc1ccccc1O2,1,0.3333333333333333
3,CN1CCN2C(C1)c3ccccc3Cc4ccccc24,1,0.6511627906976745
3,C1=CC=CC4=C1N(C3CCN(CCCC(C2=CC=C(F)C=C2)=O)CC3)C(N4)=S,1,0.8035714285714286
3,OCC(C)(O)c1onc(c2ncn3c2CN(C)C(c4c3cccc4Cl)=O)n1,0,0.30864197530864196
3,OC(C)(C)c1onc(c2ncn3c2CN(C)C(c4c3cccc4Cl)=O)n1,0,0.3246753246753247
3,CN1C(=O)c2c(cccc2Cl)n2cnc(c2C1)c1noc(n1)C(C)C,1,0.2911392405063291
3,c12c(c(ccc1)Cl)C(N(Cc1n2cnc1c1nc(on1)[C@](CO)(C)O)C)=O,0,0.30864197530864196
3,CC(C)c1onc(n1)c2ncn3c2CN(C)C(=O)c4c(Cl)cccc34,1,0.2911392405063291
3,c12c(C(N(Cc3n1cnc3c1noc(n1)C(CO)(CO)C)C)=O)c(ccc2)Cl,0,0.3125
3,c12c(C(N(Cc3n1cnc3c1noc(n1)C(O)(C)C)C)=O)c(ccc2)Cl,0,0.3246753246753247
3,C(N1C(CCC1)=O)C(NNC(CN2C(CCC2)=O)=O)=O,1,0.6333333333333333
3,C1=CC=CC3=C1N(C2=C(C=CC=C2)[S]3(=O)=O)CC(CN(C)C)C,1,0.6
3,COC(=O)C1=CCCN(C)C1,1,0.34375
3,CN1CC(=CCC1)\C=N\OC,1,0.2777777777777778
3,CC(C)N=C1C=C2N(c3ccc(Cl)cc3)c4ccccc4N=C2C=C1Nc5ccc(Cl)cc5,0,0.21333333333333335
3,C(C(C3(C(CC4C2CCC1=CC(C=CC1(C)C2C(CC34C)O)=O)=C)O)=O)O,1,0.6031746031746031
3,c1ccc([C@H](C[N@]2CC[C@H](C2)O)N(C(Cc2ccccc2N)=O)C)cc1,0,0.6545454545454545
3,c1(ccccc1)[C@H](CN1CCCC1)N(C(=O)Cc1ccc(c(c1)Cl)Cl)C,1,0.48333333333333334
3,C[C@H]1C[C@H]2[C@@H]3CC[C@](O)(C(=O)CO)[C@@]3(C)C[C@H](O)[C@@H]2[C@@]4(C)C=CC(=O)C=C14,0,0.5970149253731343
3,C[C@]12C[C@H](O)[C@H]3[C@@H](CCC4=CC(=O)C=C[C@]34C)[C@@H]1CC[C@]2(O)C(=O)CO,0,0.8
3,[C@@]4([C@@]3([C@H]([C@H]2[C@@H]([C@@]1(C(=CC(=O)C=C1)C[C@H]2Cl)C)[C@H](C3)O)C[C@H]4C)C)(C(COC(CC)=O)=O)OC(CC)=O,1,0.5875
3,[C@@]4([C@@]3([C@H]([C@H]2[C@@H]([C@@]1(C(=CC(=O)C=C1)[C@H](C2)C)C)[C@H](C3)O)CC4)C)(C(COC(C)=O)=O)OC(CC)=O,1,0.6455696202531646
3,[C@]34([C@H]([C@H]2[C@@H]([C@@]1(C(=CC(=O)C=C1)[C@H](C2)F)C)[C@H](C3)O)C[C@H]([C@@]4(C(COC(C)=O)=O)O)C)C,1,0.684931506849315
3,[C@@]4([C@@]3([C@H]([C@H]2[C@@H]([C@@]1(C(=CC(=O)C=C1)CC2)C)[C@H](C3)O)CC4)C)(C(COC(CC)=O)=O)OC(OCC)=O,1,0.75
3,[C@H]34[C@H]2[C@@H]([C@@]1(C(=CC(=O)C=C1)CC2)C)[C@@H](O)C[C@@]3([C@](C(COC(COC(CCCCCCCCCCCCCCCCC)=O)=O)=O)(O)CC4)C,1,0.7432432432432432
3,[C@]34([C@H]([C@H]2[C@@H]([C@@]1(C(=CC(=O)C=C1)CC2)C)[C@H](C3)O)CC[C@@]4(C(COC(CC(C)(C)C)=O)=O)O)C,1,0.7714285714285715
3,[C@H]12[C@@]([C@](C(CC)=O)(C)[C@@H](C1)C)(C[C@H](O)[C@H]3[C@H]2CCC4=CC(=O)C=C[C@]34C)C,1,0.5873015873015873
3,[C@H]24[C@H]1[C@@]([C@](O)([C@@H](C1)C)C(=O)CO)(C[C@H](O)[C@@H]2[C@@]3(C(=CC(=O)C=C3)C[C@H]4Cl)C)C,1,0.5352112676056338
3,[C@H]24[C@H]1[C@@]([C@@H](C(C(OCCCC)=O)=O)[C@@H](C1)C)(C[C@@H]([C@@H]2[C@@]3(C(=CC(=O)C=C3)[C@H](C4)F)C)O)C,1,1.0
3,[C@H]24[C@H]1[C@@]([C@@H](C(CO)=O)[C@@H](C1)C)(C[C@@H]([C@@H]2[C@@]3(C(=CC(=O)C=C3)[C@H](C4)F)C)O)C,1,0.7164179104477612
3,[C@H]24[C@H]1[C@@]([C@](C(CO)=O)(O)CC1)(C[C@@H]([C@@H]2[C@@]3(C(=CC(=O)C=C3)[C@H](C4)F)C)O)C,1,0.6857142857142857
3,[C@H]24[C@H]1[C@@]([C@](C(CO)=O)(O)CC1)(C[C@@H]([C@@H]2[C@@]3(C(=CC(=O)C=C3)[C@H](C4)C)C)O)C,1,0.5970149253731343
3,[C@H]24[C@H]1[C@@]([C@](C(COC(C)=O)=O)(O)CC1)(C[C@@H]([C@@H]2[C@@]3(C(=CC(=O)C=C3)[C@H](C4)C)C)O)C,1,0.589041095890411
3,[C@H]24[C@H]1[C@@]([C@](C(COC(CCC(O)=O)=O)=O)(O)CC1)(C[C@@H]([C@@H]2[C@@]3(C(=CC(=O)C=C3)[C@H](C4)C)C)O)C,1,0.5897435897435898
3,[C@]12(C(=CC(C=C1)=O)[C@H](C[C@H]3[C@H]4[C@](C[C@@H]([C@H]23)O)([C@](C(=O)CO)(O)[C@@H](C4)C)C)F)C,1,0.6521739130434783
3,[C@]34([C@H]([C@H]2[C@@H]([C@@]1(C(=CC(=O)C=C1)CC2)C)[C@H](C3)O)CC[C@@]4(C(COC(C)=O)=O)O)C,1,0.7761194029850746
3,[C@]14([C@@](C(=O)COC(CCC(=O)[O-])=O)(CC[C@H]1[C@@H]3CCC2=CC(C=C[C@@]2([C@H]3[C@H](C4)O)C)=O)O)C.[Na+],1,0.75
3,CC[C@@]1(O)C(=O)OCC2=C1C=C3N(Cc4cc5c(CN(C)C)c(O)ccc5nc34)C2=O,1,0.21428571428571427
3,C1=C(Cl)C=CC(=C1C(C2=C(C=CC=C2)Cl)=O)N(C(CNC3CC3)=O)C,1,0.6727272727272727
3,C2C1=NN=N[N]1CCCC2,1,0.21621621621621623
3,OCCN1CCN(CC\C=C/2c3ccccc3COc4ccc(Cl)cc24)CC1,1,0.625
4,C[C@H]1C[C@H]2[C@@H]3CC[C@](O)(C(=O)CO)[C@@]3(C)C[C@H](O)[C@@H]2[C@@]4(C)C=CC(=O)C=C14,0,0.5970149253731343
4,C[C@]12C[C@H](O)[C@H]3[C@@H](CCC4=CC(=O)C=C[C@]34C)[C@@H]1CC[C@]2(O)C(=O)CO,0,0.8
4,[C@@]4([C@@]3([C@H]([C@H]2[C@@H]([C@@]1(C(=CC(=O)C=C1)C[C@H]2Cl)C)[C@H](C3)O)C[C@H]4C)C)(C(COC(CC)=O)=O)OC(CC)=O,1,0.5875
4,[C@@]4([C@@]3([C@H]([C@H]2[C@@H]([C@@]1(C(=CC(=O)C=C1)[C@H](C2)C)C)[C@H](C3)O)CC4)C)(C(COC(C)=O)=O)OC(CC)=O,1,0.6455696202531646
4,[C@]34([C@H]([C@H]2[C@@H]([C@@]1(C(=CC(=O)C=C1)[C@H](C2)F)C)[C@H](C3)O)C[C@H]([C@@]4(C(COC(C)=O)=O)O)C)C,1,0.684931506849315
4,[C@@]4([C@@]3([C@H]([C@H]2[C@@H]([C@@]1(C(=CC(=O)C=C1)CC2)C)[C@H](C3)O)CC4)C)(C(COC(CC)=O)=O)OC(OCC)=O,1,0.75
4,[C@H]34[C@H]2[C@@H]([C@@]1(C(=CC(=O)C=C1)CC2)C)[C@@H](O)C[C@@]3([C@](C(COC(COC(CCCCCCCCCCCCCCCCC)=O)=O)=O)(O)CC4)C,1,0.7432432432432432
4,[C@]34([C@H]([C@H]2[C@@H]([C@@]1(C(=CC(=O)C=C1)CC2)C)[C@H](C3)O)CC[C@@]4(C(COC(CC(C)(C)C)=O)=O)O)C,1,0.7714285714285715
4,[C@H]12[C@@]([C@](C(CC)=O)(C)[C@@H](C1)C)(C[C@H](O)[C@H]3[C@H]2CCC4=CC(=O)C=C[C@]34C)C,1,0.5942028985507246
4,[C@H]24[C@H]1[C@@]([C@](O)([C@@H](C1)C)C(=O)CO)(C[C@H](O)[C@@H]2[C@@]3(C(=CC(=O)C=C3)C[C@H]4Cl)C)C,1,0.5352112676056338
4,[C@H]24[C@H]1[C@@]([C@@H](C(C(OCCCC)=O)=O)[C@@H](C1)C)(C[C@@H]([C@@H]2[C@@]3(C(=CC(=O)C=C3)[C@H](C4)F)C)O)C,1,1.0
4,[C@H]24[C@H]1[C@@]([C@@H](C(CO)=O)[C@@H](C1)C)(C[C@@H]([C@@H]2[C@@]3(C(=CC(=O)C=C3)[C@H](C4)F)C)O)C,1,0.7164179104477612
4,[C@H]24[C@H]1[C@@]([C@](C(CO)=O)(O)CC1)(C[C@@H]([C@@H]2[C@@]3(C(=CC(=O)C=C3)[C@H](C4)F)C)O)C,1,0.6857142857142857
4,[C@H]24[C@H]1[C@@]([C@](C(CO)=O)(O)CC1)(C[C@@H]([C@@H]2[C@@]3(C(=CC(=O)C=C3)[C@H](C4)C)C)O)C,1,0.5970149253731343
4,[C@H]24[C@H]1[C@@]([C@](C(COC(C)=O)=O)(O)CC1)(C[C@@H]([C@@H]2[C@@]3(C(=CC(=O)C=C3)[C@H](C4)C)C)O)C,1,0.589041095890411
4,[C@H]24[C@H]1[C@@]([C@](C(COC(CCC(O)=O)=O)=O)(O)CC1)(C[C@@H]([C@@H]2[C@@]3(C(=CC(=O)C=C3)[C@H](C4)C)C)O)C,1,0.5897435897435898
4,[C@]12(C(=CC(C=C1)=O)[C@H](C[C@H]3[C@H]4[C@](C[C@@H]([C@H]23)O)([C@](C(=O)CO)(O)[C@@H](C4)C)C)F)C,1,0.6521739130434783
4,[C@]34([C@H]([C@H]2[C@@H]([C@@]1(C(=CC(=O)C=C1)CC2)C)[C@H](C3)O)CC[C@@]4(C(COC(C)=O)=O)O)C,1,0.7761194029850746
4,[C@]14([C@@](C(=O)COC(CCC(=O)[O-])=O)(CC[C@H]1[C@@H]3CCC2=CC(C=C[C@@]2([C@H]3[C@H](C4)O)C)=O)O)C.[Na+],1,0.75
4,c1ccc([C@H](C[N@]2CC[C@H](C2)O)N(C(Cc2ccccc2N)=O)C)cc1,0,0.35714285714285715
4,c1(ccccc1)[C@H](CN1CCCC1)N(C(=O)Cc1ccc(c(c1)Cl)Cl)C,1,0.6792452830188679
4,[Na+].Cn1nnnc1SCC2=C(N3[C@H](SC2)[C@H](NC(=O)CSC(F)(F)F)C3=O)C([O-])=O,0,0.5555555555555556
4,Cn1nnnc1SCC2=C(N3[C@H](SC2)[C@H](NC(=O)CS\C=C/C#N)C3=O)C(O)=O,0,0.6125
4,CO[C@]1(NC(=O)CSCC#N)[C@H]2SCC(=C(N2C1=O)C(O)=O)CSc3nnnn3C,0,0.6352941176470588
4,CO[C@]1(NC(=O)CSC[C@@H](N)C(O)=O)[C@H]2SCC(=C(N2C1=O)C(O)=O)CSc3nnnn3C,0,0.6395348837209303
4,C3=C(C1=NC(C(=O)NC2=C1N=C(Cl)C=C2)O)C(=CC=C3)Cl,1,0.6458333333333334
4,OC(=O)C1=CC(=O)c2ccccc2N1,1,0.42105263157894735
4,Clc1ccc(COC(Cn2ccnc2)c3ccc(Cl)cc3Cl)cc1,0,0.3508771929824561
4,Clc1ccc(COC(Cn2ccnc2)c3ccc(Cl)cc3Cl)c(Cl)c1,0,0.3050847457627119
4,C1=C(C=CC(=C1Cl)COC(C[N]2C=NC=C2)C3=C(C=C(C=C3)Cl)Cl)Cl,1,0.3050847457627119
4,CC(C)(C)OC(=O)C1=C2CN(C(=O)C3=C(N2C=N1)C=CS3)C,1,0.3246753246753247
4,CN1Cc2n(cnc2C(=O)OC(C)(C)C)c3ccsc3C1=O,1,0.3246753246753247
4,CC(C)[C@H](NC(=O)[C@H](Cc1ccccc1)NC(=O)CNC(=O)[C@@H](C)NC(=O)[C@@H](N)Cc2ccc(O)cc2)C(N)=O,0,0.3150684931506849
4,CC[C@H]1OC(=O)[C@H](C)[C@@H](O[C@H]2C[C@@](C)(OC)[C@@H](O)[C@H](C)O2)[C@H](C)[C@@H](O[C@@H]3O[C@H](C)C[C@@H]([C@H]3O)N(C)C)[C@](C)(O)C[C@@H](C)C(=O)[C@H](C)[C@@H](O)[C@]1(C)O,0,0.8170731707317073
4,CC[C@H]1OC(=O)[C@H](C)[C@@H](O[C@H]2C[C@@](C)(OC)[C@@H](O)[C@H](C)O2)[C@H](C)[C@@H](O[C@@H]3O[C@H](C)C[C@@H]([C@H]3O)N(C)C)[C@@](C)(C[C@@H](C)C(=O)[C@H](C)[C@@H](O)[C@]1(C)O)OC,0,0.75
4,CC[C@H]1OC(=O)[C@H](C)[C@@H](O[C@H]2C[C@@](C)(OC)[C@@H](O)[C@H](C)O2)[C@H](C)[C@@H](O[C@@H]3O[C@H](C)C[C@@H]([C@H]3O)N(C)C)[C@](C)(O)C[C@](C)(F)C(=O)[C@H](C)[C@@H](O)[C@]1(C)O,0,0.7444444444444445
4,C1=C(C2=C(C=C1)OCCO2)N3CCNCC3,1,0.3541666666666667
4,CC(=O)CC(c1ccccc1)C2=C(O)Oc3ccccc3C2=O,0,0.3541666666666667
4,C4Oc3ccc(CN1CCN(CC1)c2ncccn2)cc3O4,1,0.48214285714285715
4,CCC(C(=O)NC\C=C\C=C(/C)C(OC)C(C)C1OC(\C=C\C=C\C=C(/C)C(=O)C2=C(O)N(C)C=CC2=O)C(O)C1O)C3(O)OC(\C=C\C=C\C)C(C)(C)C(OC4OC(C)C(OC5OC(C)C(OC)C(O)C5OC)C(OC)C4O)C3O,0,0.20930232558139536
4,COC(=O)C1=C(C)NC(=C(C1c2cccc(c2)[N+]([O-])=O)C(=O)OCCN(C)Cc3ccccc3)C,0,0.6885245901639344
4,C3=C(C2CN1C(CCN=C1C2)=O)C=CC=C3,1,0.3409090909090909
4,C1=CC=CC2=C1C(C3=C(CC2)C=CC=C3)OC4CCN(C)CC4,1,0.3953488372093023
4,CN1CCN(CCCN2c3ccccc3Sc4ccc(Cl)cc24)CC1,1,0.7169811320754716
4,OCCN1CCN(CCCN2c3ccccc3Sc4ccc(Cl)cc24)CC1,1,0.6727272727272727
4,CCSc1ccc2Sc3ccccc3N(CCCN4CCN(C)CC4)c2c1,1,0.532258064516129
4,CN1CCN(CCCN2c3ccccc3Sc4ccc(cc24)C(F)(F)F)CC1,1,0.7692307692307693
4,CC(=O)c1ccc2Sc3ccccc3N(CCCN4CCN(CCO)CC4)c2c1,1,0.7818181818181819
4,CCC(=O)c1ccc2Sc3ccccc3N(CCCN4CCN(CCO)CC4)c2c1,1,0.639344262295082
4,CC(CN1CCN(CCOCCO)CC1)CN2c3ccccc3Sc4ccccc24,1,0.5245901639344263
4,OCCN1CCN(CCCN2c3ccccc3Sc4ccc(cc24)C(F)(F)F)CC1,1,0.7547169811320755
4,C1=C(C(CCC)=O)C=CC3=C1N(C2=C(C=CC=C2)S3)CCCN4CCN(C)CC4,1,0.578125
4,C1=C(C=CC3=C1N(CCCN2CCN(CC2)CCO)C4=C(S3)C=CC=C4)C(CC)=O,1,0.639344262295082
4,C1=C(C(F)(F)F)C=CC3=C1N(C2=C(C=CC=C2)S3)CCCN4CCN(CCOC(CCCCCC)=O)CC4,1,0.6125
4,C1=C(Cl)C=CC3=C1N(C2=C(C=CC=C2)S3)CCCN4CCN(CCO)CC4,1,0.6727272727272727
4,C1=C(Cl)C=CC3=C1N(C2=C(C=CC=C2)S3)CCCN4CCN(CCOC(C)=O)CC4,1,0.71875
4,C1=CC=CC2=C1N(C3=C(S2)C=CC(=C3)[S](N(C)C)(=O)=O)CCCN4CCN(CC4)C,1,0.7333333333333333
4,C1=C(C=CC3=C1N(CCCN2CCN(CC2)C)C4=C(S3)C=CC=C4)C(F)(F)F,1,0.7692307692307693
4,Fc1ccc(cc1)C(CCCN2CCC(CC2)N3C(=O)Nc4ccccc34)c5ccc(F)cc5,1,0.5862068965517241
4,Fc1ccc(cc1)C(CCCN2CCC(CC2)N3C(=O)Nc4cc(Cl)ccc34)c5ccc(F)cc5,1,0.6363636363636364
4,CC13CCCCCC(Cc2ccc(O)cc12)C3N,1,0.46
4,C3=C2C(=NC1=CSC=C1C(/C2=CS3)=C/C#N)N4CCN(C)CC4,1,0.3770491803278688
4,[C@]23(C1(C(C1)CC2)[C@H](O)C[C@@H]4[C@@H]3CC[C@]5([C@H]4CC[C@@H]5C(=O)C)C)C,1,0.54
4,C1=CC=CC3=C1C(C2=CC=CC=C2)(C=C3)CCN(C)C,1,0.35294117647058826
4,[C@H](O)(/C=C/C1=C(C3=C(OC12CCCC2)C=CC=C3)C4=CC=C(F)C=C4)C[C@H](O)CC(OCC)=O,1,0.32954545454545453
4,C4=C(C3=C(CCN2CCN(C1=C(C=CC=C1)OC)CC2)OC(N3)=O)C=CC(=C4)F,1,0.4696969696969697
4,CN1C(=O)N(C)c2nc[nH]c2C1=O,0,0.5294117647058824
4,Cn1cnc2N(C)C(=O)N(C)C(=O)c12,1,0.4117647058823529
4,Cn1cnc2NC(=O)N(C)C(=O)c12,1,0.2926829268292683
4,Cn1cnc2N(C)C(=O)NC(=O)c12,1,0.2619047619047619
4,C1=NC2=C([N]1CC(C)=O)C(N(CCCC)C(N2CCCC)=O)=O,1,0.3137254901960784
4,C1=NC2=C([N]1CCN(C)C)C(N(C)C(N2C)=O)=O,1,0.48148148148148145
4,C1=NC2=C([N]1CCN(CC)CC)C(N(C)C(N2C)=O)=O,1,0.4727272727272727
4,C1=NC2=C([N]1CC(C)O)C(N(C)C(N2C)=O)=O,1,0.5576923076923077
4,CC(C)COCC(CN(Cc1ccccc1)c2ccccc2)N3CCCC3,0,0.3
4,C(C2(C1=CCCCCC1)C(NC(=O)NC2=O)=O)C,1,0.37142857142857144
4,OC(=O)C1=CN(C2CC2)c3cc(N4CCNCC4)c(F)cc3C1=O,0,0.6727272727272727
4,C[C@H]1CN(C[C@@H](C)N1)c2c(F)c(N)c3C(=O)C(=CN(C4CC4)c3c2F)C(O)=O,0,0.3888888888888889
4,CC1CN(CCN1)c2cc3N(C=C(C(O)=O)C(=O)c3c(C)c2F)C4CC4,0,0.4647887323943662
4,COc1cc(cc(OC)c1O)[C@H]2[C@@H]3C(COC3=O)[C@H](O[C@@H]4O[C@@H]5CO[C@@H](C)O[C@H]5[C@H](O)[C@H]4O)c6cc7OCOc7cc26,0,0.7530864197530864
4,Nc1nc(Cl)nc2n(cnc12)[C@H]3C[C@H](O)[C@@H](CO)O3,1,0.4426229508196721
4,[C@H]3([N]2C1=C(C(=NC=N1)N)N=C2)[C@@H]([C@@H]([C@H](O3)C[S+](CC[C@@H](C([O-])=O)N)C)O)O,1,0.5737704918032787
4,C1=C(Cl)C=CC2=C1C(=CC3=C(S2)C=CC=C3)OCCN(C)C,1,0.5094339622641509
4,C1=CC=CC3=C1SC2=C(C=CC=C2)C=C3CN(C)C,1,0.43902439024390244
4,c1(cc(c(cc1)Cl)Cl)CC(N1[C@@H](c2c(CC1)cccc2)CN1CCCC1)=O,1,0.6896551724137931
4,C3=C(N2CCN(CCCC(C1=CC=C(F)C=C1)O)CC2)C(=CC=C3)OC,1,0.4666666666666667
4,C1=CC=CC2=C1N(C(C3=C(N2C)C=CC=C3)=O)CCN(C)C,1,0.3953488372093023
4,C2=C(CN(C(=C(SC(=O)C1=CC=CO1)\CCOC(=O)COC(=O)C)/C)C=O)C(=NC(=N2)C)N,1,0.6619718309859155
4,CC(C)(C)OC(=O)c1ncn2c3cccc(Br)c3C(=O)N4CCC[C@H]4c12,1,0.26744186046511625
4,[C@]1(O)(C[C@@H]4N(CC1)C[C@@H]2C5=C(CCC3=CC=CC=C23)C=CC=C45)C(C)(C)C.[H+].[Cl-],1,0.6727272727272727
4,Cc1cnn(c1C(=O)N[C@H]2[C@H]3SC(C)(C)[C@@H](N3C2=O)C(O)=O)c4c(Cl)cccc4Cl,0,0.6
4,C2=C(C1CCNCC1)OC3=C2C=C(OC)C=C3Br,1,0.25925925925925924
4,C4=C(CCNC(C12CC3CC(C1)CC(C2)C3)=O)C=CC(=C4O)O,1,0.3902439024390244
4,C1=CC=CC2=C1C3=C(C(=O)N2CCCN(C)C)C=CC=C3,1,0.5333333333333333
4,CCc1nc(N)nc(N)c1c2ccc(Cl)cc2,1,0.2826086956521739
4,OC[C@H]1O[C@@H](OC2=C(Oc3cc(O)cc(O)c3C2=O)c4ccc(O)c(O)c4)[C@H](O)[C@@H](O)[C@@H]1O,0,0.39759036144578314
4,[C@]34([C@H]([C@H]2[C@@]([C@@]1(C(=CC(C=C1)=O)CC2)C)(C(C3)O)F)CC([C@@]4(C(=O)CO)O)=C)C,1,0.7096774193548387
4,[C@]24(C[C@@H]([C@@H](N(C(CC1=CC(=C(Cl)C=C1)Cl)=O)C)CC2)N3CCCC3)CCCO4,1,0.7142857142857143
4,C1=C(Cl)C=CC2=C1C(=NCC(=N2)NOCC=C)C3=CC=CC=C3Cl,1,0.4166666666666667
4,COC1CC(OC(C)C1O)O[C@H]2[C@H](C)[C@@H](OC3OC(C)CC(C3O)N(C)C)[C@@H](C)C[C@]4(CO4)C(=O)[C@H](C)[C@@H](O)[C@@H](C)[C@@H](C)OC(=O)[C@@H]2C,0,0.7654320987654321
4,COc1ccc2nccc([C@@H](O)[C@@H]3C[C@H]4CCN3C[C@@H]4C=C)c2c1,0,1.0
4,CNCCCC12CCC(c3ccccc13)c4ccccc24,1,0.39215686274509803
4,C1=CC=C2C(=C1)C3C4=C(C2(CNC)CC3)C=CC=C4,1,0.2916666666666667
4,C13(C4=C(C(C2=C1C=CC=C2)CC3)C=CC=C4)C[C@H](CNC)O,1,0.26
4,C1=C(Cl)C=CC4=C1C(N2CCN(C)CC2)CC3=C(C=CC=C3)S4,1,0.45454545454545453
4,C1=C(SC)C=CC4=C1C(N2CCN(C)CC2)CC3=C(C=CC=C3)S4,1,0.41935483870967744
4,C3=C2C([NH2+]CCCCCCC(O)=O)C1=CC=CC=C1CCC2=CC=C3.[Cl-],1,0.3333333333333333
4,C1=CC=CC3=C1C(C2=C(C=CC=C2)CC3)C(N)=O,1,0.5666666666666667
4,CN(C)C(=O)COC2c1ccccc1CCc3ccccc23,1,0.32653061224489793
4,C1=CC=CC3=C1C(C2=CC=CC=C2CC3)CC(CN(C)C)C,1,0.5121951219512195
4,C1=C(Cl)C=NC2=C1SC4=C(N2CCCN3CCN(CCO)CC3)C=CC=C4,1,0.4696969696969697
4,OC(=O)C1=C(CS[C@@H]2[C@H](NC(=O)Cc3sccc3)C(=O)N12)CSc4[nH]ncn4,0,0.6164383561643836
4,CN1CC[C@]2(C)[C@H]1N(C)c3ccc(OC(=O)Nc4ccccc4)cc23,1,0.7547169811320755
4,C3=C(N2CCN(CCCC(C1=CC=C(F)C=C1)=O)CC2)N=CC4=CC=CC=C34,1,0.6981132075471698
4,CN1CCN=C(c2ccccc2)c3cc(Cl)ccc13,1,0.6086956521739131
4,C1=C(Cl)C=CC2=C1C(=NCCN2CC(F)(F)F)C3=CC=CC=C3F,1,0.6363636363636364
4,C1=C(Br)C=CC2=C1C(=NCC(N2C)COC)C3=CC=CC=C3Cl,1,0.36923076923076925
4,C1=C2C(=CC=C1)N(C(Cl)(CN=C2C3=CC=CC=C3Cl)CO)C,1,0.3728813559322034
4,N1(Cc2cc(OCCCNc3nccs3)ccc2)CCCCC1,1,0.6727272727272727
4,C1CN(CCC1)Cc1cccc(c1)OCCCNc1nccs1,1,0.6727272727272727
4,C4=C3[NH]C1=C(CCNC1CC2=CC=CC=C2)C3=CC=C4,1,0.3333333333333333
4,CCCCc1nc(Cl)c(CO)n1Cc2ccc(cc2)c3ccccc3c4n[nH]nn4,0,0.43243243243243246
4,C(N1C(CCC1)=O)C(NNC(CN2C(CCC2)=O)=O)=O,1,0.6333333333333333
4,CCC[C@@H]1C[C@H](N(C)C1)C(=O)NC(C(C)Cl)[C@H]2O[C@H](SC)[C@H](O)[C@@H](O)[C@H]2O,0,0.1927710843373494
4,CCC[C@@H]1C[C@H](N(C)C1)C(=O)NC(C(C)Cl)[C@H]2O[C@H](SC)[C@H](O[P](O)(O)=O)[C@@H](O)[C@H]2O,0,0.1919191919191919
4,CC1=C2NC3=CC(=O)C=CC3=C2C=CN1,1,0.3023255813953488
4,[C@H]2([C@H](CN(CC(C1=CC=C(F)C=C1)=O)CC2)COC4=CC3=C(OCO3)C=C4)C5=CC=C(F)C=C5,1,0.5692307692307692
4,CC(C)(C(O)=O)c1ccc(cc1)C(=O)CCCN2CCC(CC2)OC(c3ccccc3)c4ccccc4,0,0.5
4,CC(C)(C)c1ccc(cc1)C(=O)CCCN2CCC(CC2)OC(c3ccccc3)c4ccccc4,0,0.484375
4,CNCC[C@@H](O)[C@@H]1C[C@@H](CN1)SC2=C(N3[C@H]([C@H]2C)[C@@H]([C@@H](C)O)C3=O)C(O)=O,0,0.3
4,CC(C)C(=O)OCc1cccc(OC(=O)[C@@H]2N3[C@H](SC2(C)C)[C@H](NC(=O)Cc4ccccc4)C3=O)c1,0,0.6285714285714286
4,C1=C(N=C2[N]1C(=C(CC)C(=N2)OC)C)C(C3=CC=CC=C3)=O,1,0.5
4,[C@@]45([C@@]3([C@H]([C@H]2[C@@H]([C@@]1(C(=CC(=O)C=C1)CC2)C)[C@H](C3)O)C[C@H]4OC(O5)CCC)C)C(CO)=O,1,0.7285714285714285
4,CCC1(CCC(=O)NC1=O)c2ccccc2,1,0.5
4,C1=CC(=CC=C1C2(C(NC(=O)CC2)=O)CC)N,1,0.34782608695652173
4,C1=CC=CC2=C1N(C(CC(S2)C3=CC=CC=C3)=O)CCN(C)C,1,0.453125
4,[C@@]23(F)[C@H]([C@H]1[C@@]([C@@]([C@H](C1)C)(O)C(=O)CCl)(CC2=O)C)CCC4=CC(=O)C=C[C@]34C,1,0.7580645161290323
4,[C@]4([C@@]3([C@H]([C@H]2[C@]([C@@]1(C(=CC(=O)C=C1)CC2)C)(F)C(C3)=O)C[C@@H]4C)C)(OC(CCC)=O)C(CCl)=O,1,0.6891891891891891
4,OC1C(N2CCC1)=NC(C)=C(CCN3CCC(CC3)c4c5ccc(F)cc5on4)C2=O,1,0.6447368421052632
4,c1(c2c(cc(F)cc2)on1)C1CCN(CCc2c(n3c([C@@H](CCC3)O)nc2C)=O)CC1,1,0.6447368421052632
4,CC1=C(CCN2CCC(CC2)c3noc4cc(F)ccc34)C(=O)N5CCCCC5=N1,1,0.6621621621621622
4,CN(C)C1C2C(O)C3C(=C)c4c(Cl)ccc(O)c4C(=C3C(=O)C2(O)C(=O)\C(=C(N)/O)C1=O)O,0,0.75
4,C1=C(SC=C1)C2(C(CCCC2)=O)NCC,1,0.40425531914893614
4,Clc1ccc2OC(=O)Nc2c1,1,0.26666666666666666
4,[Cl-].COc1cccc2C(=O)c3c(O)c4C[C@](O)(C[C@H](O[C@H]5C[C@H](N)[C@H](O)[C@H](C)O5)c4c(O)c3C(=O)c12)/C(C)=N/NC(=O)c6ccccc6.[H+],0,0.7738095238095238
4,CCCCCc1cc(O)c(C2C=C(C)CC[C@H]2C(C)=C)c(O)c1,1,0.2033898305084746
4,C[C@]1(O)CC[C@H]2[C@@H]3CC[C@H]4CC(=O)OC[C@]4(C)[C@H]3CC[C@]12C,0,0.5
4,c1c2c(cc(c1)Cl)[C@@H]1[C@H](c3ccccc3O2)CNC1,1,1.0
4,c1c2c(cc(c1)Cl)[C@@H]1[C@H](c3ccccc3O2)CN(C1)C,1,1.0
4,CN(CCc2cc3cccc4CCc1ccccc1n2c34)Cc5ccccc5,1,0.3584905660377358
4,CN1C(=O)N(C)c2nc[nH]c2C1=O.CN3C(=O)N(C)c4nc[nH]c4C3=O.NCCN,0,0.46153846153846156
4,C1=CSC2=C1C(C3=C(CC2)C=CC=C3)=C4CCN(CC4)C,1,0.55
4,C1=NC=CN=C1N(C3CCN(CCC2=CC=CC=C2)CC3)C(C4=CC=CO4)=O,1,0.4838709677419355
4,[C@H]23[C@@]([C@@]1(C(=CC(=O)CC1)CC2)C)([C@H](C[C@]4([C@H]3CC[C@@]4(C(CO)=O)O)C)O)F,1,0.6885245901639344
4,[C@H]23[C@@]([C@@]1(C(=CC(=O)CC1)CC2)C)([C@H](C[C@]4([C@H]3CC[C@@]4(C(COC(C)=O)=O)O)C)O)F,1,0.7121212121212122
4,C1=CC=CC=C1C2=NCC(NC3=C2[N](N=C3C)CC)=O,1,0.49056603773584906
4,C1=CC=CC(=C1N3CCN(CCCC(C2=CC=C(F)C=C2)=O)CC3)OC,1,0.6111111111111112
4,CC1(C)S[C@@H]2[C@H](NC(=O)C34C[C@H]5C[C@H](CC(N)(C5)C3)C4)C(=O)N2[C@H]1C(O)=O,0,0.6363636363636364
4,CCCCCc1cc(O)c2[C@@H]3C=C(C)CC[C@H]3C(C)(C)Oc2c1,1,0.2112676056338028
4,S=[P](N1CC1)(N2CC2)N3CC3,1,0.10810810810810811
4,O.N[C@@H](C(=O)NC1C2CCC(=C(N2C1=O)C(O)=O)Cl)c3ccccc3,0,0.6491228070175439
4,C(C1=NC2=C([N]1C)C(N(C)C(N2C)=O)=O)CCN3CCN(C(N(CC)CC)=O)CC3,1,0.352112676056338
4,C1=C(C=CC=C1N3CCN(CCCN2C(N(C(=N2)CC)CC)=O)CC3)Cl,1,0.7258064516129032
4,CC(COc1ccccc1)N(CCCl)Cc2ccccc2,0,0.40476190476190477
4,c1(ccc(c(c1)Cl)Cl)CC(N1[C@@H](c2c(CC1)[nH]cn2)CN1CCCC1)=O,0,0.59375
4,c1(ccc(c(c1)Cl)Cl)CC(N1[C@H](C[N@@]2C[C@@H](CC2)O)c2c(CC1)[nH]cn2)=O,0,0.6231884057971014
4,[C@H]26[C@H]1[C@@]([C@](C(COC(C)=O)=O)(O)[C@@H](C1)C)(C[C@@H]([C@@H]2[C@@]3(C(=CC4=C(C3)C=N[N]4C5=CC=CC=C5)C(=C6)C)C)O)C,1,0.36082474226804123
4,C1=CC=CC3=C1C(C2=CC=CC=C2)(OC3(C)C)CCCNC,1,0.5111111111111111
4,C1=CC(=CC3=C1C(C2=CC=C(F)C=C2)(OC3)CCCN(C)C)C#N,1,0.375
4,CO[C@H]1[C@@H](C[C@@H]2CN3CCc4c([nH]c5cc(OC)ccc45)[C@H]3C[C@@H]2[C@@H]1C(=O)OC)OC(=O)\C=C\c6cc(OC)c(OC)c(OC)c6,1,0.7564102564102564
4,C1=CC=CC3=C1C(N(C2C(NC(=O)CC2)=O)C3=O)=O,1,0.3541666666666667
4,CN1C(=O)NC(=O)C(C)(C1=O)C2=CCCCC2,1,0.35
4,C(C2(C1=CCCCC1)C(NC(=O)NC2=O)=O)C,1,0.38235294117647056
4,O.O.O.C[C@H](O)C1C2[C@@H](C)C(=C(N2C1=O)C(O)=O)S[C@@H]3CN[C@@H](C3)C(=O)N(C)C,0,0.3157894736842105
4,[C@H]34C1[C@@H](C2(C(C(=O)CC1)C(=O)C=C2)C)C(O)CC3([C@](O)(CC4)C(OC)=O)C,1,0.4925373134328358
4,[C@H](C1=CC=CC=C1)([C@@H]2CNCCO2)OC3=CC=CC=C3OCC,1,0.5714285714285714
4,C[C@@H](O)[C@@H]1[C@H]2SC(=C(N2C1=O)C(O)=O)[C@H]3CCCO3,0,0.3870967741935484
4,COC1CCCC2C3C(C(C)O)C(=O)N3C(=C12)C([O-])=O,0,0.36507936507936506
4,C1=CC(=C3C2=C1CC5C4C2(C(O3)C(O)C=C4)CCN5)O,1,0.6071428571428571
4,C1=CC(=C3C2=C1CC5C4C2(C(O3)C(C=C4)OC(C)=O)CCN5CC=C)OC(C)=O,1,0.7727272727272727
4,C1=CC(=C3C2=C1CC5C4C2(C(O3)C(O)C=C4)CCN5)OC,1,0.6440677966101694
4,C1=C(Cl)C=CC(=C1C(C2=C(C=CC=C2)Cl)=O)N(C(CNC3CC3)=O)C,1,0.6727272727272727
4,C4=C(N3CCN(CCCCN2C(C1=C(C=CC=C1)NC2=O)=O)CC3)C(=CC=C4)SCCC,1,0.546875
4,C1=C(Cl)C=CC2=C1C(=NCC(N2CC[S](C3=CC=C(C)C=C3)(=O)=O)=O)C4=CC=CC=C4Cl,1,0.6153846153846154
4,C(C1(CC(NC(C1)=O)=O)C)C,1,0.3333333333333333
4,CCC1(C)CC(=O)NC1=O,1,0.35714285714285715
4,[H+].C2=C1OCC(OC1=C(C=C2)OCC)CNCCCC.[Cl-],1,0.3382352941176471
4,C1=CC=CC2=C1OC(CNCCCC)CO2,1,0.5094339622641509
4,CC(C)CCNCC2COc1ccccc1O2,1,0.5
4,CCC(C)N1N=CN(C1=O)c2ccc(cc2)N3CCN(CC3)c4ccc(OC[C@H]5CO[C@@](Cn6cncn6)(O5)c7ccc(Cl)cc7Cl)cc4,0,0.7469879518072289
4,CC1(C)S[C@@H]2C(NC(=O)[C@H](NC(=O)C3=CNc4cccnc4C3=O)c5ccccc5)C(=O)N2[C@H]1C(O)=O,0,0.5416666666666666
4,CN(C)C(=O)C(CCN1CCC(O)(CC1)c1ccc(Cl)cc1)(c1ccccc1)c1ccccc1,1,0.45161290322580644
4,CN(C)C(=O)C(CCN1CCC(O)(CC1)c2ccc(Cl)cc2)(c3ccccc3)c4ccccc4,0,0.45161290322580644
4,C5=C3C1=C(OC4C12C(C(N(CC2)C)C3)CC=C4C)C(=C5)O,1,0.6666666666666666
4,C1=CC(=C4C2=C1CC5C3C2(C(C(=CC3)OC(C)=O)O4)CCN5C)OC,1,0.6307692307692307
4,C[C@H]1O[C@H](C[C@H](O)[C@@H]1O)O[C@H]2[C@@H](O)C[C@@H](O[C@@H]2C)O[C@H]3[C@@H](O)C[C@@H](O[C@@H]3C)O[C@H]4CC[C@@]5(C)[C@H](CC[C@@H]6[C@@H]5C[C@@H](O)[C@]7(C)[C@H](CC[C@]67O)C8=CC(=O)OC8)C4,0,0.8133333333333334
4,[C@@]1([C@H](C2CCC1CC2)NC(C)C)(C3=CC(=C(C=C3)Cl)Cl)O,1,0.26229508196721313
4,CN1CCC23C4CCC(O)C2Oc5c(O)ccc(CC14)c35,1,0.7592592592592593
4,C1=CC(=C3C2=C1CC5C4C2(C(O3)CCC4)CCN5C)O,1,0.6607142857142857
4,c1c2CCOc2c(cc1OC)CN[C@@H]1CCCN[C@H]1c1ccccc1,1,0.2602739726027397
4,OC(=O)C1CCn2c1ccc2C(=O)c3ccccc3,0,0.32653061224489793
4,S1[C@H]4N(CC1(C2CN3[C@H](S2)CC3=O)O)C(C4)=O,1,0.20833333333333334
4,OC(=O)CCc1oc(c2ccccc2)c(n1)c3ccccc3,0,0.3125
4,C1=C(C(=C(C=C1)C)NC2=NCCCS2)C,1,0.2826086956521739
4,CC1OC(C)OC(O1)C,1,0.2631578947368421
